[{"stationCode":"0900","stationName":"基隆","stationEName":"Keelung","name":"基隆","ename":"Keelung","stationAddrTw":"基隆市中山區民治里1鄰中山一路16之 1號","stationAddrEn":"No. 16-1, Zhongshan 1st Rd, Zhongshan Dist., Keelung City","stationTel":"02-24263743","gps":"25.13411 121.73997"},{"stationCode":"0910","stationName":"三坑","stationEName":"Sankeng","name":"三坑","ename":"Sankeng","stationAddrTw":"基隆市仁愛區德厚里龍安街 206 號","stationAddrEn":"No. 206, Long’an St., Ren`ai Dist., Keelung City","stationTel":"02-24230289","gps":"25.12305 121.74202"},{"stationCode":"0920","stationName":"八堵","stationEName":"Badu","name":"八堵","ename":"Badu","stationAddrTw":"基隆市暖暖區八南里八堵路 142 號","stationAddrEn":"No. 142, Badu Rd., Nuannuan Dist., Keelung City","stationTel":"02-24560841","gps":"25.10843 121.72898"},{"stationCode":"0930","stationName":"七堵","stationEName":"Qidu","name":"七堵","ename":"Qidu","stationAddrTw":"基隆市七堵區長興里東新街 2 號","stationAddrEn":"No. 2, Dongxin St., Qidu Dist., Keelung City","stationTel":"02-24553426","gps":"25.09294 121.71415"},{"stationCode":"0940","stationName":"百福","stationEName":"Baifu","name":"百福","ename":"Baifu","stationAddrTw":"基隆市七堵區堵南里明德三路 1 之 1 號","stationAddrEn":"No. 1-1, Mingde 3rd Rd., Qidu Dist., Keelung City","stationTel":"02-24528372","gps":"25.07803 121.69373"},{"stationCode":"0950","stationName":"五堵","stationEName":"Wudu","name":"五堵","ename":"Wudu","stationAddrTw":"新北市汐止區長安里長安路 17 號","stationAddrEn":"No. 17, Chang’an Rd., Xizhi Dist., New Taipei City","stationTel":"02-86476200","gps":"25.07784 121.66764"},{"stationCode":"0960","stationName":"汐止","stationEName":"Xizhi","name":"汐止","ename":"Xizhi","stationAddrTw":"新北市汐止區信望里信義路 1 號","stationAddrEn":"No. 1, Xinyi Rd., Xizhi Dist., New Taipei City","stationTel":"02-26415096","gps":"25.06894 121.66244"},{"stationCode":"0970","stationName":"汐科","stationEName":"Xike","name":"汐科","ename":"Xike","stationAddrTw":"新北市汐止區大同里大同路二段 182 號","stationAddrEn":"No. 182, Sec. 2, Datong Rd., Xizhi Dist., New Taipei City","stationTel":"02-26499817#8730","gps":"25.06261 121.64659"},{"stationCode":"0980","stationName":"南港","stationEName":"Nangang","name":"南港","ename":"Nangang","stationAddrTw":"臺北市南港區南港里南港路一段 313 號","stationAddrEn":"No. 313, Sec. 1, Nangang Rd., Nangang Dist., Taipei City","stationTel":"02-27838645","gps":"25.05348 121.60706"},{"stationCode":"0990","stationName":"松山","stationEName":"Songshan","name":"松山","ename":"Songshan","stationAddrTw":"臺北市信義區永吉里松山路 11 號B1","stationAddrEn":"No. 11, Songshan Rd., Xinyi Dist., Taipei City","stationTel":"02-27673819","gps":"25.04936 121.57807"},{"stationCode":"1000","stationName":"臺北","stationEName":"Taipei","name":"臺北","ename":"Taipei","stationAddrTw":"臺北市中正區黎明里北平西路 3 號","stationAddrEn":"No. 3, Beiping W. Rd., Zhongzheng Dist., Taipei City","stationTel":"02-23713558","gps":"25.04771 121.51784"},{"stationCode":"1001","stationName":"臺北-環島","stationEName":"Taipei Surround Island","name":"臺北-環島","ename":"Taipei Surround Island","stationAddrTw":"臺北市中正區","stationAddrEn":", Zhongzheng Dist., Taipei City","stationTel":"","gps":"25.04811 121.51793"},{"stationCode":"1010","stationName":"萬華","stationEName":"Wanhua","name":"萬華","ename":"Wanhua","stationAddrTw":"臺北市萬華區富福里康定路 382 號","stationAddrEn":"No. 382, Kangding Rd., Wanhua Dist., Taipei City","stationTel":"02-23020481","gps":"25.03348 121.49984"},{"stationCode":"1020","stationName":"板橋","stationEName":"Banqiao","name":"板橋","ename":"Banqiao","stationAddrTw":"新北市板橋區新民里站前路","stationAddrEn":"No. 7, Sec. 2, Xianmin Blvd., Banqiao Dist., New Taipei City","stationTel":"02-89691036","gps":"25.01469 121.46352"},{"stationCode":"1030","stationName":"浮洲","stationEName":"Fuzhou","name":"浮洲","ename":"Fuzhou","stationAddrTw":"新北市板橋區僑中里僑中二街 156 號","stationAddrEn":"No. 156, Qiaozhong 2nd St., Banqiao Dist., New Taipei City","stationTel":"02-23815226#4665","gps":"25.00419 121.44477"},{"stationCode":"1040","stationName":"樹林","stationEName":"Shulin","name":"樹林","ename":"Shulin","stationAddrTw":"新北市樹林區樹北里鎮前街 112 號","stationAddrEn":"No. 112, Zhenqian St., Shulin Dist., New Taipei City","stationTel":"02-26812052","gps":"24.99121 121.42481"},{"stationCode":"1050","stationName":"南樹林","stationEName":"South Shulin","name":"南樹林","ename":"South Shulin","stationAddrTw":"新北市樹林區東山里中山路二段 230 號","stationAddrEn":"No. 230, Sec. 2, Zhongshan Rd., Shulin Dist., New Taipei City","stationTel":"02-26812052","gps":"24.98034 121.40891"},{"stationCode":"1060","stationName":"山佳","stationEName":"Shanjia","name":"山佳","ename":"Shanjia","stationAddrTw":"新北市樹林區中山里山佳街 28 號","stationAddrEn":"No. 28, Shanjia St., Shulin Dist., New Taipei City","stationTel":"02-26808874","gps":"24.97233 121.39273"},{"stationCode":"1070","stationName":"鶯歌","stationEName":"Yingge","name":"鶯歌","ename":"Yingge","stationAddrTw":"新北市鶯歌區東鶯里文化路 68-1號","stationAddrEn":"No. 68-1, Wenhua Rd., Yingge Dist., New Taipei City","stationTel":"02-26792004","gps":"24.95432 121.35535"},{"stationCode":"1080","stationName":"桃園","stationEName":"Taoyuan","name":"桃園","ename":"Taoyuan","stationAddrTw":"桃園市桃園區武陵里中正路 1 號","stationAddrEn":"No. 1, Zhongzheng Rd., Taoyuan Dist., Taoyuan City","stationTel":"03-3767050","gps":"24.98941 121.31399"},{"stationCode":"1090","stationName":"內壢","stationEName":"Neili","name":"內壢","ename":"Neili","stationAddrTw":"桃園市中壢區中原里中華路一段 267 號","stationAddrEn":"No. 267, Sec. 1, Zhonghua Rd., Zhongli Dist., Taoyuan City","stationTel":"03-4559725","gps":"24.97287 121.25814"},{"stationCode":"1100","stationName":"中壢","stationEName":"Zhongli_Taoyuan","name":"中壢","ename":"Zhongli_Taoyuan","stationAddrTw":"桃園市中壢區石頭里中和路 139 號","stationAddrEn":"No. 139, Zhonghe Rd., Zhongli Dist., Taoyuan City","stationTel":"03-4223235","gps":"24.95382 121.22571"},{"stationCode":"1110","stationName":"埔心","stationEName":"Puxin","name":"埔心","ename":"Puxin","stationAddrTw":"桃園市楊梅區埔心里永美路 208 號","stationAddrEn":"No. 208, Yongmei Rd., Yangmei Dist., Taoyuan City","stationTel":"03-4827100","gps":"24.91945 121.18366"},{"stationCode":"1120","stationName":"楊梅","stationEName":"Yangmei","name":"楊梅","ename":"Yangmei","stationAddrTw":"桃園市楊梅區楊梅里大成路 256 號","stationAddrEn":"No. 256, Dacheng Rd., Yangmei Dist., Taoyuan City","stationTel":"03-4782893","gps":"24.91391 121.14634"},{"stationCode":"1130","stationName":"富岡","stationEName":"Fugang","name":"富岡","ename":"Fugang","stationAddrTw":"桃園市楊梅區富岡里成功路 37 號","stationAddrEn":"No. 37, Chenggong Rd., Yangmei Dist., Taoyuan City","stationTel":"03-4723754","gps":"24.93462 121.08313"},{"stationCode":"1140","stationName":"新富","stationEName":"Xinfu","name":"新富","ename":"Xinfu","stationAddrTw":"桃園市楊梅區富豐里富全街 1 號","stationAddrEn":"No. 1, Fuquan St., Yangmei Dist., Taoyuan City","stationTel":"03-4723754","gps":"24.93107 121.06759"},{"stationCode":"1150","stationName":"北湖","stationEName":"Beihu","name":"北湖","ename":"Beihu","stationAddrTw":"新竹縣湖口鄉東興村北湖路 1 號","stationAddrEn":"No. 1, Beihu Rd., Hukou Township, Hsinchu County","stationTel":"03-5993850","gps":"24.92191 121.05586"},{"stationCode":"1160","stationName":"湖口","stationEName":"Hukou","name":"湖口","ename":"Hukou","stationAddrTw":"新竹縣湖口鄉仁勢村中山路二段 121 號","stationAddrEn":"No. 121, Sec. 2, Zhongshan Rd., Hukou Township, Hsinchu County","stationTel":"03-5992192","gps":"24.90292 121.04412"},{"stationCode":"1170","stationName":"新豐","stationEName":"Xinfeng","name":"新豐","ename":"Xinfeng","stationAddrTw":"新竹縣新豐鄉山崎村新興路 202 號","stationAddrEn":"No. 202, Xinxing Rd., Xinfeng Township, Hsinchu County","stationTel":"03-5596314","gps":"24.86961 120.99654"},{"stationCode":"1180","stationName":"竹北","stationEName":"Zhubei","name":"竹北","ename":"Zhubei","stationAddrTw":"新竹縣竹北市竹義里和平街 59 號","stationAddrEn":"No. 59, Heping St., Zhubei City, Hsinchu County","stationTel":"03-5552024","gps":"24.83892 121.00936"},{"stationCode":"1190","stationName":"北新竹","stationEName":"North Hsinchu","name":"北新竹","ename":"North Hsinchu","stationAddrTw":"新竹市 東區東園里中華路一段 291 之 2 號","stationAddrEn":"No. 291-2, Sec. 1, Zhonghua Rd.,  , Hsinchu City","stationTel":"03-5237441","gps":"24.80876 120.98385"},{"stationCode":"1191","stationName":"千甲","stationEName":"Qianjia","name":"千甲","ename":"Qianjia","stationAddrTw":"新竹市 東區水源里千甲路 142 號","stationAddrEn":"No. 142, Qianjia Rd.,  , Hsinchu City","stationTel":"03-5237441","gps":"24.80669 121.00301"},{"stationCode":"1192","stationName":"新莊","stationEName":"Xinzhuang","name":"新莊","ename":"Xinzhuang","stationAddrTw":"新竹市 東區新莊里關東路 310 號","stationAddrEn":"No. 310, Guandong Rd.,  , Hsinchu City","stationTel":"03-5237441","gps":"24.78819 121.02182"},{"stationCode":"1193","stationName":"竹中","stationEName":"Zhuzhong","name":"竹中","ename":"Zhuzhong","stationAddrTw":"新竹縣竹東鎮頭重里竹中路 145 號","stationAddrEn":"No. 145, Zhuzhong Rd., Zhudong Township, Hsinchu County","stationTel":"03-5962042","gps":"24.78125 121.03117"},{"stationCode":"1194","stationName":"六家","stationEName":"Liujia","name":"六家","ename":"Liujia","stationAddrTw":"新竹縣竹北市隘口里復興三路二段 229 號","stationAddrEn":"No. 229, Sec. 2, Fuxing 3rd Rd., Zhubei City, Hsinchu County","stationTel":"03-5962042","gps":"24.80751 121.03921"},{"stationCode":"1201","stationName":"上員","stationEName":"Shangyuan","name":"上員","ename":"Shangyuan","stationAddrTw":"新竹縣竹東鎮上員里光明路 (無站房)","stationAddrEn":"Guangming Rd. (No Station Building), Zhudong Township, Hsinchu County","stationTel":"03-5962042","gps":"24.77797 121.05554"},{"stationCode":"1202","stationName":"榮華","stationEName":"Ronghua","name":"榮華","ename":"Ronghua","stationAddrTw":"新竹縣竹東鎮仁愛里北興路 (無站房)","stationAddrEn":"Beixing Rd. (No Station Building), Zhudong Township, Hsinchu County","stationTel":"03-5962042","gps":"24.74851 121.08296"},{"stationCode":"1203","stationName":"竹東","stationEName":"Zhudong","name":"竹東","ename":"Zhudong","stationAddrTw":"新竹縣竹東鎮雞林里東林路 196 號","stationAddrEn":"No. 196, Donglin Rd., Zhudong Township, Hsinchu County","stationTel":"03-5962042","gps":"24.73811 121.09465"},{"stationCode":"1204","stationName":"橫山","stationEName":"Hengshan","name":"橫山","ename":"Hengshan","stationAddrTw":"新竹縣橫山鄉橫山村橫山路 97 號 (無站房)","stationAddrEn":"No. 97, Hengshan Rd. (No Station Building), Hengshan Township, Hsinchu County","stationTel":"03-5962042","gps":"24.72051 121.11657"},{"stationCode":"1205","stationName":"九讚頭","stationEName":"Jiuzantou","name":"九讚頭","ename":"Jiuzantou","stationAddrTw":"新竹縣橫山鄉大肚村中豐路二段 286 巷 29 號","stationAddrEn":"No. 29, Ln. 286, Sec. 2, Zhongfeng Rd., Hengshan Township, Hsinchu County","stationTel":"03-5962042","gps":"24.72068 121.13621"},{"stationCode":"1206","stationName":"合興","stationEName":"Hexing","name":"合興","ename":"Hexing","stationAddrTw":"新竹縣橫山鄉力行村中山街一段 17 號","stationAddrEn":"No. 17, Sec. 1, Zhongshan St., Hengshan Township, Hsinchu County","stationTel":"03-5962042","gps":"24.71649 121.15434"},{"stationCode":"1207","stationName":"富貴","stationEName":"Fugui","name":"富貴","ename":"Fugui","stationAddrTw":"新竹縣橫山鄉豐田村中山街一段 (無站房)","stationAddrEn":"Sec. 1, Zhongshan St. (No Station Building), Hengshan Township, Hsinchu County","stationTel":"03-5962042","gps":"24.71553 121.16729"},{"stationCode":"1208","stationName":"內灣","stationEName":"Neiwan","name":"內灣","ename":"Neiwan","stationAddrTw":"新竹縣橫山鄉內灣村中正路 6 號","stationAddrEn":"No. 6, Zhongzheng Rd., Hengshan Township, Hsinchu County","stationTel":"03-5962042","gps":"24.70526 121.18247"},{"stationCode":"1210","stationName":"新竹","stationEName":"Hsinchu","name":"新竹","ename":"Hsinchu","stationAddrTw":"新竹市 東區榮光里中華路二段 445 號","stationAddrEn":"No. 445, Sec. 2, Zhonghua Rd.,  , Hsinchu City","stationTel":"03-5237441","gps":"24.80169 120.97156"},{"stationCode":"1220","stationName":"三姓橋","stationEName":"Sanxingqiao","name":"三姓橋","ename":"Sanxingqiao","stationAddrTw":"新竹市 香山區香山里元培街 32 巷 30 號","stationAddrEn":"No. 30, Ln. 32, Yuanpei St.,  , Hsinchu City","stationTel":"03-5237441","gps":"24.78723 120.92838"},{"stationCode":"1230","stationName":"香山","stationEName":"Xiangshan","name":"香山","ename":"Xiangshan","stationAddrTw":"新竹市 香山區朝山里中華路五段 347 巷 2 弄 27 號","stationAddrEn":"No. 27, Aly. 2, Ln. 347, Sec. 5, Zhonghua Rd.,  , Hsinchu City","stationTel":"03-5237441","gps":"24.76321 120.91391"},{"stationCode":"1240","stationName":"崎頂","stationEName":"Qiding","name":"崎頂","ename":"Qiding","stationAddrTw":"苗栗縣竹南鎮崎頂里北戶 55 號","stationAddrEn":"No. 55, Beihu, Zhunan Township, Miaoli County","stationTel":"037-472030","gps":"24.72281 120.87213"},{"stationCode":"1250","stationName":"竹南","stationEName":"Zhunan","name":"竹南","ename":"Zhunan","stationAddrTw":"苗栗縣竹南鎮竹南里中山路 166 號","stationAddrEn":"No. 166, Zhongshan Rd., Zhunan Township, Miaoli County","stationTel":"037-472030","gps":"24.68663 120.88041"},{"stationCode":"2110","stationName":"談文","stationEName":"Tanwen","name":"談文","ename":"Tanwen","stationAddrTw":"苗栗縣造橋鄉談文村仁愛路 29 號","stationAddrEn":"No. 29, Ren’ai Rd., Zaoqiao Township, Miaoli County","stationTel":"037-472030","gps":"24.65641 120.85825"},{"stationCode":"2120","stationName":"大山","stationEName":"Dashan","name":"大山","ename":"Dashan","stationAddrTw":"苗栗縣後龍鎮大山里明山路 180 號","stationAddrEn":"No. 180, Mingshan Rd., Houlong Township, Miaoli County","stationTel":"037-728616","gps":"24.64565 120.80376"},{"stationCode":"2130","stationName":"後龍","stationEName":"Houlong","name":"後龍","ename":"Houlong","stationAddrTw":"苗栗縣後龍鎮北龍里車站街 127-2 號","stationAddrEn":"No. 127, Chezhan St., Houlong Township, Miaoli County","stationTel":"037-728616","gps":"24.61621 120.78731"},{"stationCode":"2140","stationName":"龍港","stationEName":"Longgang","name":"龍港","ename":"Longgang","stationAddrTw":"苗栗縣後龍鎮龍京里公司寮 85 號","stationAddrEn":"No. 85, Gongsiliao, Houlong Township, Miaoli County","stationTel":"037-728616","gps":"24.61169 120.75812"},{"stationCode":"2150","stationName":"白沙屯","stationEName":"Baishatun","name":"白沙屯","ename":"Baishatun","stationAddrTw":"苗栗縣通霄鎮白西里白西 131 號","stationAddrEn":"No. 131, Baixi, Tongxiao Township, Miaoli County","stationTel":"037-793066","gps":"24.56481 120.70824"},{"stationCode":"2160","stationName":"新埔","stationEName":"Xinpu","name":"新埔","ename":"Xinpu","stationAddrTw":"苗栗縣通霄鎮新埔里新埔 57 號","stationAddrEn":"No. 57, Xinpu, Tongxiao Township, Miaoli County","stationTel":"037-793066","gps":"24.54018 120.69518"},{"stationCode":"2170","stationName":"通霄","stationEName":"Tongxiao","name":"通霄","ename":"Tongxiao","stationAddrTw":"苗栗縣通霄鎮通西里中正路 109 號","stationAddrEn":"No. 109, Zhongzhen Rd., Tongxiao Township, Miaoli County","stationTel":"037-758300","gps":"24.49141 120.67843"},{"stationCode":"2180","stationName":"苑裡","stationEName":"Yuanli","name":"苑裡","ename":"Yuanli","stationAddrTw":"苗栗縣苑裡鎮苑北里中山路 165 號","stationAddrEn":"No. 165, Zhongshan Rd., Yuanli Township, Miaoli County","stationTel":"037-851013","gps":"24.44344 120.65146"},{"stationCode":"2190","stationName":"日南","stationEName":"Rinan","name":"日南","ename":"Rinan","stationAddrTw":"臺中市大甲區孟春里中山路二段 140 巷 8 號","stationAddrEn":"No. 8, Ln. 140, Sec. 2, Zhongshan Rd., Dajia Dist., Taichung City","stationTel":"04-26816113","gps":"24.37805 120.65412"},{"stationCode":"2200","stationName":"大甲","stationEName":"Dajia","name":"大甲","ename":"Dajia","stationAddrTw":"臺中市大甲區大甲里中山路一段 828 號","stationAddrEn":"No. 828, Sec. 1, Zhongshan Rd., Dajia Dist., Taichung City","stationTel":"04-26872022","gps":"24.34448 120.62702"},{"stationCode":"2210","stationName":"臺中港","stationEName":"Taichung Port","name":"臺中港","ename":"Taichung Port","stationAddrTw":"臺中市清水區頂湳里甲南路 2 號","stationAddrEn":"No. 2, Jianan Rd., Qingshui Dist., Taichung City","stationTel":"04-26225374","gps":"24.30441 120.60231"},{"stationCode":"2220","stationName":"清水","stationEName":"Qingshui","name":"清水","ename":"Qingshui","stationAddrTw":"臺中市南社里中正街 115 號","stationAddrEn":"No. 115, Zhongzheng St., , Taichung City","stationTel":"04-26222021","gps":"24.26364 120.56918"},{"stationCode":"2230","stationName":"沙鹿","stationEName":"Shalu","name":"沙鹿","ename":"Shalu","stationAddrTw":"臺中市沙鹿區沙鹿里中正街 94 號","stationAddrEn":"No. 94, Zhongzheng St., Shalu Dist., Taichung City","stationTel":"04-26625057","gps":"24.23702 120.55752"},{"stationCode":"2240","stationName":"龍井","stationEName":"Longjing","name":"龍井","ename":"Longjing","stationAddrTw":"臺中市龍井區龍泉里龍新路 1 號","stationAddrEn":"No. 1, Longxin Rd., Longjing Dist., Taichung City","stationTel":"04-26355578","gps":"24.19745 120.54336"},{"stationCode":"2250","stationName":"大肚","stationEName":"Dadu","name":"大肚","ename":"Dadu","stationAddrTw":"臺中市大肚區頂街里平和街 121 號","stationAddrEn":"No. 121, Pinghe St., Dadu Dist., Taichung City","stationTel":"04-26992523","gps":"24.15401 120.54255"},{"stationCode":"2260","stationName":"追分","stationEName":"Zhuifen","name":"追分","ename":"Zhuifen","stationAddrTw":"臺中市大肚區王田里追分街 13 號","stationAddrEn":"No. 13, Zhuifen St., Dadu Dist., Taichung City","stationTel":"04-26933106","gps":"24.12061 120.57014"},{"stationCode":"3140","stationName":"造橋","stationEName":"Zaoqiao","name":"造橋","ename":"Zaoqiao","stationAddrTw":"苗栗縣造橋鄉造橋村平仁路 54 號","stationAddrEn":"No. 54, Pingren Rd., Zaoqiao Township, Miaoli County","stationTel":"037-472030","gps":"24.64206 120.86719"},{"stationCode":"3150","stationName":"豐富","stationEName":"Fengfu","name":"豐富","ename":"Fengfu","stationAddrTw":"苗栗縣後龍鎮校椅里高鐵一路 66 號","stationAddrEn":"No. 66, Gaotie 1st Rd., Houlong Township, Miaoli County","stationTel":"037-726700","gps":"24.60131 120.82357"},{"stationCode":"3160","stationName":"苗栗","stationEName":"Miaoli","name":"苗栗","ename":"Miaoli","stationAddrTw":"苗栗縣苗栗市上苗里為公路 1 號","stationAddrEn":"No. 1, Weigong Rd., Miaoli City, Miaoli County","stationTel":"037-260031","gps":"24.57002 120.82264"},{"stationCode":"3170","stationName":"南勢","stationEName":"Nanshi","name":"南勢","ename":"Nanshi","stationAddrTw":"苗栗縣苗栗市新英里南勢 39 號","stationAddrEn":"No. 39, Nanshi, Miaoli City, Miaoli County","stationTel":"037-260031","gps":"24.52234 120.79157"},{"stationCode":"3180","stationName":"銅鑼","stationEName":"Tongluo","name":"銅鑼","ename":"Tongluo","stationAddrTw":"苗栗縣銅鑼鄉銅鑼村大同路 13 號","stationAddrEn":"No. 13, Datong Rd., Tongluo Township, Miaoli County","stationTel":"037-983838","gps":"24.48648 120.78616"},{"stationCode":"3190","stationName":"三義","stationEName":"Sanyi","name":"三義","ename":"Sanyi","stationAddrTw":"苗栗縣三義鄉雙湖村雙湖 90 號","stationAddrEn":"No. 90, Shuanghu, Sanyi Township, Miaoli County","stationTel":"037-874763","gps":"24.42066 120.77393"},{"stationCode":"3210","stationName":"泰安","stationEName":"Tai'an","name":"泰安","ename":"Tai'an","stationAddrTw":"臺中市后里區泰安里安眉路 37 之 12 號","stationAddrEn":"No. 37-12, Anmei Rd., Houli Dist., Taichung City","stationTel":"04-25586540","gps":"24.33146 120.74181"},{"stationCode":"3220","stationName":"后里","stationEName":"Houli","name":"后里","ename":"Houli","stationAddrTw":"臺中市后里區義里里甲后路一段 1 號","stationAddrEn":"No. 1, Jiahou Rd., Houli Dist., Taichung City","stationTel":"04-25562038","gps":"24.30933 120.73288"},{"stationCode":"3230","stationName":"豐原","stationEName":"Fengyuan","name":"豐原","ename":"Fengyuan","stationAddrTw":"臺中市豐原區豐原里中正路 1 號","stationAddrEn":"No. 1, Zhongzheng Rd., Fengyuan Dist., Taichung City","stationTel":"04-25207950#32","gps":"24.25413 120.72291"},{"stationCode":"3240","stationName":"栗林","stationEName":"Lilin","name":"栗林","ename":"Lilin","stationAddrTw":"臺中市潭子區潭豐路二段747號","stationAddrEn":"No. 747, Section 2, Tanfeng Road, Tanzi Dist., Taichung City","stationTel":"04-25391401","gps":"24.23481 120.71069"},{"stationCode":"3250","stationName":"潭子","stationEName":"Tanzi","name":"潭子","ename":"Tanzi","stationAddrTw":"臺中市潭子區中山路二段352-1號","stationAddrEn":"No. 352-1, Sec. 2, Zhongshan Rd., Tanzi Dist., Taichung City","stationTel":"04-25363852","gps":"24.21255 120.70584"},{"stationCode":"3260","stationName":"頭家厝","stationEName":"Toujiacuo","name":"頭家厝","ename":"Toujiacuo","stationAddrTw":"臺中市潭子區頭張東路43巷8號","stationAddrEn":"No. 8, Ln. 43, Touzhang E. Rd., Tanzi Dist., Taichung City","stationTel":"04-25391426","gps":"24.19572 120.70398"},{"stationCode":"3270","stationName":"松竹","stationEName":"Songzhu","name":"松竹","ename":"Songzhu","stationAddrTw":"臺中市北屯區舊社里松竹路一段1473巷100號","stationAddrEn":"No. 100, Ln. 1473, Sec. 1, Songzhu Rd., Taiwan (R.O.C.), Beitun Dist., Taichung City","stationTel":"04-22473033","gps":"24.17983 120.70197"},{"stationCode":"3280","stationName":"太原","stationEName":"Taiyuan","name":"太原","ename":"Taiyuan","stationAddrTw":"臺中市北屯區北興里東光路 665 號","stationAddrEn":"No. 665, Dongguang Rd., Beitun Dist., Taichung City","stationTel":"04-22313926","gps":"24.16413 120.69981"},{"stationCode":"3290","stationName":"精武","stationEName":"Jingwu","name":"精武","ename":"Jingwu","stationAddrTw":"臺中市東區東南里東光路 161號","stationAddrEn":"No. 161, Dongguang Rd., Taiwan (R.O.C.)No. 194, Dongguang Rd., East Dist., Taichung City","stationTel":"04-23606501","gps":"24.14917 120.69773"},{"stationCode":"3300","stationName":"臺中","stationEName":"Taichung","name":"臺中","ename":"Taichung","stationAddrTw":"臺中市中區綠川里臺灣大道一段 1 號","stationAddrEn":"No. 1, Sec. 1, Taiwan Blvd., Central Dist., Taichung City","stationTel":"04-22227236","gps":"24.13661 120.68527"},{"stationCode":"3310","stationName":"五權","stationEName":"Wuquan","name":"五權","ename":"Wuquan","stationAddrTw":"臺中市南區建國南路二段201號","stationAddrEn":"No. 201, Sec. 2, Jianguo S. Rd., Taiwan (R.O.C.), South Dist., Taichung City","stationTel":"04-22601636","gps":"24.12877 120.66644"},{"stationCode":"3320","stationName":"大慶","stationEName":"Daqing","name":"大慶","ename":"Daqing","stationAddrTw":"臺中市南區樹德里7鄰大慶街2段130號","stationAddrEn":"No. 130, Sec. 2, Daqing St., Taiwan (R.O.C.), South Dist., Taichung City","stationTel":"04-22637940","gps":"24.11891 120.64791"},{"stationCode":"3330","stationName":"烏日","stationEName":"Wuri","name":"烏日","ename":"Wuri","stationAddrTw":"臺中市烏日區烏日里三民街 258 號","stationAddrEn":"No. 258, Sanmin St., Wuri Dist., Taichung City","stationTel":"04-23381071","gps":"24.10867 120.62244"},{"stationCode":"3340","stationName":"新烏日","stationEName":"Xinwuri","name":"新烏日","ename":"Xinwuri","stationAddrTw":"臺中市烏日區三和里高鐵東一路 26 號","stationAddrEn":"No. 26, Gaotie E. 1st Rd., Wuri Dist., Taichung City","stationTel":"04-23376883","gps":"24.10976 120.61429"},{"stationCode":"3350","stationName":"成功","stationEName":"Chenggong","name":"成功","ename":"Chenggong","stationAddrTw":"臺中市烏日區榮泉里中山路三段 550 號","stationAddrEn":"No. 550, Sec. 3, Zhongshan Rd., Wuri Dist., Taichung City","stationTel":"04-23371986","gps":"24.11424 120.59021"},{"stationCode":"3360","stationName":"彰化","stationEName":"Changhua","name":"彰化","ename":"Changhua","stationAddrTw":"彰化縣彰化市長樂里三民路 1 號","stationAddrEn":"No. 1, Sanmin Rd., Zhanghua City, Changhua County","stationTel":"04-7274218#11","gps":"24.08171 120.53828"},{"stationCode":"3370","stationName":"花壇","stationEName":"Huatan","name":"花壇","ename":"Huatan","stationAddrTw":"彰化縣花壇鄉花壇村中正路 370 號","stationAddrEn":"No. 370, Zhongzheng Rd., Huatan Township, Changhua County","stationTel":"04-7881418","gps":"24.02521 120.53759"},{"stationCode":"3380","stationName":"大村","stationEName":"Dacun","name":"大村","ename":"Dacun","stationAddrTw":"彰化縣大村鄉過溝村福進路 100 號","stationAddrEn":"No. 100, Fujin Rd., Dacun Township, Changhua County","stationTel":"04-8525148","gps":"23.99003 120.56068"},{"stationCode":"3390","stationName":"員林","stationEName":"Yuanlin","name":"員林","ename":"Yuanlin","stationAddrTw":"彰化縣員林市和平里民權街 55 號","stationAddrEn":"No. 55, Minquan St., Yuanlin City, Changhua County","stationTel":"04-8320544#15","gps":"23.95933 120.56995"},{"stationCode":"3400","stationName":"永靖","stationEName":"Yongjing","name":"永靖","ename":"Yongjing","stationAddrTw":"彰化縣永靖鄉崙子村永崙路 25 號","stationAddrEn":"No. 25, Yonglun Rd., Yongjing Township, Changhua County","stationTel":"04-8320544#15","gps":"23.92811 120.57165"},{"stationCode":"3410","stationName":"社頭","stationEName":"Shetou","name":"社頭","ename":"Shetou","stationAddrTw":"彰化縣社頭鄉廣興村社站路 10 號","stationAddrEn":"No. 10, Shezhan Rd., Shetou Township, Changhua County","stationTel":"04-8711646","gps":"23.89571 120.58082"},{"stationCode":"3420","stationName":"田中","stationEName":"Tianzhong","name":"田中","ename":"Tianzhong","stationAddrTw":"彰化縣田中鎮中路里中州路一段 1 號","stationAddrEn":"No. 1, Sec. 1, Zhongzhou Rd., Tianzhong Township, Changhua County","stationTel":"04-8742142","gps":"23.85827 120.59121"},{"stationCode":"3430","stationName":"二水","stationEName":"Ershui","name":"二水","ename":"Ershui","stationAddrTw":"彰化縣二水鄉光化村光文路 1 號","stationAddrEn":"No. 1, Guangwen Rd., Ershui Township, Changhua County","stationTel":"04-8792027","gps":"23.81321 120.61805"},{"stationCode":"3431","stationName":"源泉","stationEName":"Yuanquan","name":"源泉","ename":"Yuanquan","stationAddrTw":"彰化縣二水鄉合興村英義路 (無站房)","stationAddrEn":"Yingyi Rd. (No Station Building), Ershui Township, Changhua County","stationTel":"04-8792027","gps":"23.79846 120.64208"},{"stationCode":"3432","stationName":"濁水","stationEName":"Zhuoshui","name":"濁水","ename":"Zhuoshui","stationAddrTw":"南投縣名間鄉濁水村車站路 15 號","stationAddrEn":"No. 15, Chezhan Rd., Mingjian Township, Nantou County","stationTel":"049-2735850","gps":"23.83467 120.70467"},{"stationCode":"3433","stationName":"龍泉","stationEName":"Longquan","name":"龍泉","ename":"Longquan","stationAddrTw":"南投縣集集鎮隘寮村龍泉巷 (無站房)","stationAddrEn":"Longquan Ln. (No Station Building), Jiji Township, Nantou County","stationTel":"04-8792027","gps":"23.83521 120.74996"},{"stationCode":"3434","stationName":"集集","stationEName":"Jiji","name":"集集","ename":"Jiji","stationAddrTw":"南投縣集集鎮吳厝里民生路 75 號","stationAddrEn":"No. 75, Minsheng Rd., Jiji Township, Nantou County","stationTel":"049-2762546","gps":"23.82653 120.78491"},{"stationCode":"3435","stationName":"水里","stationEName":"Shuili","name":"水里","ename":"Shuili","stationAddrTw":"南投縣水里鄉水里村民生路 440 號","stationAddrEn":"No. 440, Minsheng Rd., Shuili Township, Nantou County","stationTel":"049-2770015","gps":"23.81844 120.85333"},{"stationCode":"3436","stationName":"車埕","stationEName":"Checheng","name":"車埕","ename":"Checheng","stationAddrTw":"南投縣水里鄉車埕村民權巷 2 號","stationAddrEn":"No. 2, Minquan Ln., Shuili Township, Nantou County","stationTel":"049-2774749","gps":"23.83263 120.86572"},{"stationCode":"3450","stationName":"林內","stationEName":"Linnei","name":"林內","ename":"Linnei","stationAddrTw":"雲林縣林內鄉林中村中山路 42 號","stationAddrEn":"No. 42, Zhongshan Rd., Linnei Township, Yunlin County","stationTel":"05-5892040","gps":"23.75967 120.61499"},{"stationCode":"3460","stationName":"石榴","stationEName":"Shiliu","name":"石榴","ename":"Shiliu","stationAddrTw":"雲林縣斗六市榴北里文明路 31 號","stationAddrEn":"No. 31, Wenming Rd., Douliu City, Yunlin County","stationTel":"05-5332900","gps":"23.73167 120.57998"},{"stationCode":"3470","stationName":"斗六","stationEName":"Douliu","name":"斗六","ename":"Douliu","stationAddrTw":"雲林縣斗六市信義里民生路 187 號","stationAddrEn":"No. 187, Minsheng Rd., Douliu City, Yunlin County","stationTel":"05-5332900","gps":"23.71157 120.54117"},{"stationCode":"3480","stationName":"斗南","stationEName":"Dounan","name":"斗南","ename":"Dounan","stationAddrTw":"雲林縣斗南鎮南昌里中山路 2 號","stationAddrEn":"No. 2, Zhongshan Rd., Dounan Township, Yunlin County","stationTel":"05-5972039","gps":"23.67302 120.48095"},{"stationCode":"3490","stationName":"石龜","stationEName":"Shigui","name":"石龜","ename":"Shigui","stationAddrTw":"雲林縣斗南鎮石龜里","stationAddrEn":"Shigui Vil., Dounan Township, Yunlin County","stationTel":"05-5972039","gps":"23.63951 120.47106"},{"stationCode":"4050","stationName":"大林","stationEName":"Dalin","name":"大林","ename":"Dalin","stationAddrTw":"嘉義縣大林鎮吉林里中山路 2 號","stationAddrEn":"No. 2, Zhongshan Rd., Dalin Township, Chiayi County","stationTel":"05-2654804","gps":"23.60112 120.45585"},{"stationCode":"4060","stationName":"民雄","stationEName":"Minxiong","name":"民雄","ename":"Minxiong","stationAddrTw":"嘉義縣民雄鄉東榮村和平路 2 號","stationAddrEn":"No. 2, Heping Rd., Minxiong Township, Chiayi County","stationTel":"05-2264272","gps":"23.55502 120.43136"},{"stationCode":"4070","stationName":"嘉北","stationEName":"Jiabei","name":"嘉北","ename":"Jiabei","stationAddrTw":"嘉義市 東區後湖里保建街 110 號","stationAddrEn":"No. 110, Baojian St.,  , Chiayi City","stationTel":"05-2334584","gps":"23.49985 120.44852"},{"stationCode":"4080","stationName":"嘉義","stationEName":"Chiayi","name":"嘉義","ename":"Chiayi","stationAddrTw":"嘉義市 西區番社里中山路 528 號","stationAddrEn":"No. 528, Zhongshan Rd.,  , Chiayi City","stationTel":"05-2228904","gps":"23.47902 120.44124"},{"stationCode":"4090","stationName":"水上","stationEName":"Shuishang","name":"水上","ename":"Shuishang","stationAddrTw":"嘉義縣水上鄉下寮村鴿溪寮 49 號","stationAddrEn":"No. 49, Gexiliao, Shuishang Township, Chiayi County","stationTel":"05-2228904","gps":"23.43389 120.39961"},{"stationCode":"4100","stationName":"南靖","stationEName":"Nanjing","name":"南靖","ename":"Nanjing","stationAddrTw":"嘉義縣水上鄉三鎮村三鎮路 26 號","stationAddrEn":"No. 26, Sanzhen Rd., Shuishang Township, Chiayi County","stationTel":"05-2601232","gps":"23.41346 120.38647"},{"stationCode":"4110","stationName":"後壁","stationEName":"Houbi","name":"後壁","ename":"Houbi","stationAddrTw":"臺南市後壁區後壁里後壁 77 號","stationAddrEn":"No. 77, Houbi, Houbi Dist., Tainan City","stationTel":"06-6872055","gps":"23.36626 120.36058"},{"stationCode":"4120","stationName":"新營","stationEName":"Xinying","name":"新營","ename":"Xinying","stationAddrTw":"臺南市新營區中營里中山路 1 號","stationAddrEn":"No. 1, Zhongshan Rd., Xinying Dist., Tainan City","stationTel":"06-6322104","gps":"23.30673 120.32307"},{"stationCode":"4130","stationName":"柳營","stationEName":"Liuying","name":"柳營","ename":"Liuying","stationAddrTw":"臺南市柳營區東昇里建國路 1 號","stationAddrEn":"No. 1, Jianguo Rd., Liuying Dist., Tainan City","stationTel":"06-6226450","gps":"23.27762 120.32252"},{"stationCode":"4140","stationName":"林鳳營","stationEName":"Linfengying","name":"林鳳營","ename":"Linfengying","stationAddrTw":"臺南市六甲區中社里林鳳營 16 號","stationAddrEn":"No. 16, Linfengying, Liujia Dist., Tainan City","stationTel":"06-6986086","gps":"23.24259 120.32107"},{"stationCode":"4150","stationName":"隆田","stationEName":"Longtian","name":"隆田","ename":"Longtian","stationAddrTw":"臺南市官田區隆田里中山路一段 1 號","stationAddrEn":"No. 1, Sec. 1, Zhongshan Rd., Guantian Dist., Tainan City","stationTel":"06-5791664","gps":"23.19271 120.31917"},{"stationCode":"4160","stationName":"拔林","stationEName":"Balin","name":"拔林","ename":"Balin","stationAddrTw":"臺南市官田區拔林里拔子林 83 之 1 號","stationAddrEn":"No. 83-1, Bazilin, Guantian Dist., Tainan City","stationTel":"06-5791664","gps":"23.17287 120.32117"},{"stationCode":"4170","stationName":"善化","stationEName":"Shanhua","name":"善化","ename":"Shanhua","stationAddrTw":"臺南市善化區光文里中山路 1 號","stationAddrEn":"No. 1, Zhongshan Rd., Shanhua Dist., Tainan City","stationTel":"06-5837301","gps":"23.13333 120.30653"},{"stationCode":"4180","stationName":"南科","stationEName":"Nanke","name":"南科","ename":"Nanke","stationAddrTw":"臺南市新市區大營里大營 287-300 號","stationAddrEn":"No. 287-300, Daying, Xinshi Dist., Tainan City","stationTel":"06-5896356","gps":"23.10714 120.30175"},{"stationCode":"4190","stationName":"新市","stationEName":"Xinshi","name":"新市","ename":"Xinshi","stationAddrTw":"臺南市新市區新和里中華路 1 號","stationAddrEn":"No. 1, Zhonghua Rd., Xinshi Dist., Tainan City","stationTel":"06-5996911","gps":"23.06816 120.29004"},{"stationCode":"4200","stationName":"永康","stationEName":"Yongkang","name":"永康","ename":"Yongkang","stationAddrTw":"臺南市永康區埔園里中山路 459 號","stationAddrEn":"No. 459, Zhongshan Rd., Yongkang Dist., Tainan City","stationTel":"06-2323305","gps":"23.03825 120.25347"},{"stationCode":"4210","stationName":"大橋","stationEName":"Daqiao","name":"大橋","ename":"Daqiao","stationAddrTw":"臺南市永康區西橋里中華路 835 號","stationAddrEn":"No. 835, Zhonghua Rd., Yongkang Dist., Tainan City","stationTel":"06-3021755","gps":"23.01923 120.22429"},{"stationCode":"4220","stationName":"臺南","stationEName":"Tainan","name":"臺南","ename":"Tainan","stationAddrTw":"臺南市東區成大里北門路二段 4 號","stationAddrEn":"No. 4, Sec. 2, Beimen Rd., East Dist., Tainan City","stationTel":"06-2261314","gps":"22.99719 120.21249"},{"stationCode":"4250","stationName":"保安","stationEName":"Bao'an","name":"保安","ename":"Bao'an","stationAddrTw":"臺南市仁德區保安里文賢路一段 529 巷 10 號","stationAddrEn":"No. 10, Ln. 529, Sec. 1, Wenxian Rd., Rende Dist., Tainan City","stationTel":"06-2665988","gps":"22.93296 120.23158"},{"stationCode":"4260","stationName":"仁德","stationEName":"Rende","name":"仁德","ename":"Rende","stationAddrTw":"臺南市仁德區保安里永德路 10 號","stationAddrEn":"No. 10, Yongde Rd., Rende Dist., Tainan City","stationTel":"06-2669383","gps":"22.92364 120.24061"},{"stationCode":"4270","stationName":"中洲","stationEName":"Zhongzhou","name":"中洲","ename":"Zhongzhou","stationAddrTw":"臺南市仁德區中洲五街236號","stationAddrEn":"No. 236, Zhongzhou 5th St., Rende Dist., Tainan City","stationTel":"06-2667191","gps":"22.90466 120.25286"},{"stationCode":"4271","stationName":"長榮大學","stationEName":"Chang Jung Christian University","name":"長榮大學","ename":"Chang Jung Christian University","stationAddrTw":"臺南市歸仁區大潭里長大路15 號","stationAddrEn":"No. 15, Changda Rd., Guiren Dist., Tainan City","stationTel":"06-2782615","gps":"22.90735 120.27274"},{"stationCode":"4272","stationName":"沙崙","stationEName":"Shalun","name":"沙崙","ename":"Shalun","stationAddrTw":"臺南市歸仁區沙崙里歸仁大道 102 號","stationAddrEn":"No. 102, Guiren Blvd., Guiren Dist., Tainan City","stationTel":"06-3032686","gps":"22.92419 120.28635"},{"stationCode":"4290","stationName":"大湖","stationEName":"Dahu","name":"大湖","ename":"Dahu","stationAddrTw":"高雄市路竹區甲南里天祐路 24 號","stationAddrEn":"No. 24, Tianyou Rd., Luzhu Dist., Kaohsiung City","stationTel":"07-6932127","gps":"22.87821 120.25384"},{"stationCode":"4300","stationName":"路竹","stationEName":"Luzhu","name":"路竹","ename":"Luzhu","stationAddrTw":"高雄市路竹區竹南里中正路 288 號","stationAddrEn":"No. 288, Zhongzheng Rd., Luzhu Dist., Kaohsiung City","stationTel":"07-6072723","gps":"22.85404 120.26619"},{"stationCode":"4310","stationName":"岡山","stationEName":"Gangshan","name":"岡山","ename":"Gangshan","stationAddrTw":"高雄市岡山區碧紅里岡燕路 111 號","stationAddrEn":"No. 111, Gangyan Rd., Gangshan Dist., Kaohsiung City","stationTel":"07-6212074","gps":"22.79221 120.29984"},{"stationCode":"4320","stationName":"橋頭","stationEName":"Qiaotou","name":"橋頭","ename":"Qiaotou","stationAddrTw":"高雄市橋頭區橋頭里站前街 14 號","stationAddrEn":"No. 14, Zhanqian St., Qiaotou Dist., Kaohsiung City","stationTel":"07-6115424","gps":"22.76098 120.31011"},{"stationCode":"4330","stationName":"楠梓","stationEName":"Nanzi","name":"楠梓","ename":"Nanzi","stationAddrTw":"高雄市楠梓區惠楠里建楠路 229 號","stationAddrEn":"No. 229, Jiannan Rd., Nanzi Dist., Kaohsiung City","stationTel":"07-3510175","gps":"22.72717 120.32453"},{"stationCode":"4340","stationName":"新左營","stationEName":"Xinzuoying","name":"新左營","ename":"Xinzuoying","stationAddrTw":"高雄市左營區尾北里站前北路 1 號","stationAddrEn":"No. 1, Zhanqian N. Rd., Zuoying Dist., Kaohsiung City","stationTel":"07-5887825","gps":"22.68754 120.30678"},{"stationCode":"4350","stationName":"左營","stationEName":"Zuoying","name":"左營","ename":"Zuoying","stationAddrTw":"高雄市左營區翠華路1050號地下1層","stationAddrEn":"B1F., No. 1050, Cuihua Rd, Zuoying Dist., Kaohsiung City","stationTel":"07-5887835","gps":"22.67557 120.29555"},{"stationCode":"4360","stationName":"內惟","stationEName":"Neiwei","name":"內惟","ename":"Neiwei","stationAddrTw":"高雄市鼓山區翠華路500號地下1層","stationAddrEn":"B1F., No. 500, Cuihua Rd., Gushan Dist., Kaohsiung City","stationTel":"07-5886119","gps":"22.66607 120.28738"},{"stationCode":"4370","stationName":"美術館","stationEName":"Museum of Fine Arts","name":"美術館","ename":"Museum of Fine Arts","stationAddrTw":"高雄市鼓山區翠華路246號","stationAddrEn":"No.246, Cuihua Rd., Gushan Dist., Kaohsiung City","stationTel":"07-5215147","gps":"22.65298 120.28163"},{"stationCode":"4380","stationName":"鼓山","stationEName":"Gushan","name":"鼓山","ename":"Gushan","stationAddrTw":"高雄市鼓山區鐵路街20巷6號","stationAddrEn":"No.6, Ln. 20, Railway St., Gushan Dist., Kaohsiung City","stationTel":"07-5217014","gps":"22.64169 120.28071"},{"stationCode":"4390","stationName":"三塊厝","stationEName":"Sankuaicuo","name":"三塊厝","ename":"Sankuaicuo","stationAddrTw":"高雄市三民區德北里6鄰康平街1號","stationAddrEn":"No.1, Kangping St., Sanmin Dist., Kaohsiung City","stationTel":"07-2856234","gps":"22.63901 120.29381"},{"stationCode":"4400","stationName":"高雄","stationEName":"Kaohsiung","name":"高雄","ename":"Kaohsiung","stationAddrTw":"高雄市三民區港西里建國二路 318 號","stationAddrEn":"No. 318, Jianguo 2nd Rd., Sanmin Dist., Kaohsiung City","stationTel":"07-2352376","gps":"22.63801 120.30313"},{"stationCode":"4410","stationName":"民族","stationEName":"Minzu","name":"民族","ename":"Minzu","stationAddrTw":"高雄市三民區博惠里14鄰凱旋一路260號","stationAddrEn":"No.260, Kaisyuan 1st Rd., Sanmin Dist., Kaohsiung City","stationTel":"07-2231492","gps":"22.63881 120.31479"},{"stationCode":"4420","stationName":"科工館","stationEName":"Science And Technology Museum","name":"科工館","ename":"Science And Technology Museum","stationAddrTw":"高雄市三民區寶盛里15鄰大順三路307號","stationAddrEn":"No. 307, Dashun 3rd Rd., Sanmin Dist., Kaohsiung City","stationTel":"07-2234778","gps":"22.63702 120.32663"},{"stationCode":"4430","stationName":"正義","stationEName":"Zhengyi","name":"正義","ename":"Zhengyi","stationAddrTw":"高雄市苓雅區建軍里正義路 308 號 B1","stationAddrEn":", Lingya Dist., Kaohsiung City","stationTel":"07-7999818","gps":"22.63425 120.34245"},{"stationCode":"4440","stationName":"鳳山","stationEName":"Fongshan","name":"鳳山","ename":"Fongshan","stationAddrTw":"高雄市鳳山區曹公里曹公路 137 號","stationAddrEn":"No. 137, Caogong Rd., Fengshan Dist., Kaohsiung City","stationTel":"07-7460423","gps":"22.63131 120.35746"},{"stationCode":"4450","stationName":"後庄","stationEName":"Houzhuang","name":"後庄","ename":"Houzhuang","stationAddrTw":"高雄市大寮區後庄里民慶街 9 號","stationAddrEn":"No. 9, Minqing St., Daliao Dist., Kaohsiung City","stationTel":"07-7020149","gps":"22.64013 120.39132"},{"stationCode":"4460","stationName":"九曲堂","stationEName":"Jiuqutang","name":"九曲堂","ename":"Jiuqutang","stationAddrTw":"高雄市大樹區久堂里久堂路鐵路巷 15 號","stationAddrEn":"No. 15, Railway Ln., Jiutang Rd., Dashu Dist., Kaohsiung City","stationTel":"07-6512020","gps":"22.65658 120.42072"},{"stationCode":"4470","stationName":"六塊厝","stationEName":"Liukuaicuo","name":"六塊厝","ename":"Liukuaicuo","stationAddrTw":"屏東縣屏東市長安里光復路 392 號","stationAddrEn":"No. 392, Guangfu Rd., Pingdong City, Pingtung County","stationTel":"08-7515140","gps":"22.66619 120.46491"},{"stationCode":"5000","stationName":"屏東","stationEName":"Pingtung","name":"屏東","ename":"Pingtung","stationAddrTw":"屏東縣屏東市擇仁里公勇路 62 號","stationAddrEn":"No. 62, Gongyong Rd., Pingdong City, Pingtung County","stationTel":"08-7515140","gps":"22.66961 120.48627"},{"stationCode":"5010","stationName":"歸來","stationEName":"Guilai","name":"歸來","ename":"Guilai","stationAddrTw":"屏東縣屏東市歸來里歸仁路 5 之 4 號","stationAddrEn":"No. 5-4, Guiren Rd., Pingdong City, Pingtung County","stationTel":"08-7515140","gps":"22.65214 120.50294"},{"stationCode":"5020","stationName":"麟洛","stationEName":"Linluo","name":"麟洛","ename":"Linluo","stationAddrTw":"屏東縣麟洛鄉田道村中華路站前巷 15 號","stationAddrEn":"No. 15, Zhanqian Ln., Zhonghua Rd., Linluo Township, Pingtung County","stationTel":"08-7515140","gps":"22.63478 120.51446"},{"stationCode":"5030","stationName":"西勢","stationEName":"Xishi","name":"西勢","ename":"Xishi","stationAddrTw":"屏東縣竹田鄉西勢村西豐路 2 號","stationAddrEn":"No. 2, Xifeng Rd., Zhutian Township, Pingtung County","stationTel":"08-7784521","gps":"22.61661 120.52677"},{"stationCode":"5040","stationName":"竹田","stationEName":"Zhutian","name":"竹田","ename":"Zhutian","stationAddrTw":"屏東縣竹田鄉履豐村豐明路29 號","stationAddrEn":"No. 27-1, Fengming Rd., Zhutian Township, Pingtung County","stationTel":"08-7711002","gps":"22.58648 120.54009"},{"stationCode":"5050","stationName":"潮州","stationEName":"Chaozhou","name":"潮州","ename":"Chaozhou","stationAddrTw":"屏東縣潮州鎮新榮里信義路 111 號","stationAddrEn":"No. 111, Xinyi Rd., Chaozhou Township, Pingtung County","stationTel":"08-7882739","gps":"22.55007 120.53662"},{"stationCode":"5060","stationName":"崁頂","stationEName":"Kanding","name":"崁頂","ename":"Kanding","stationAddrTw":"屏東縣崁頂鄉崁頂村中正路 122 號","stationAddrEn":"No. 122, Zhongzheng Rd., Kanding Township, Pingtung County","stationTel":"08-7882739","gps":"22.51311 120.51481"},{"stationCode":"5070","stationName":"南州","stationEName":"Nanzhou","name":"南州","ename":"Nanzhou","stationAddrTw":"屏東縣南州鄉仁里村仁里路 86 號","stationAddrEn":"No. 86, Renli Rd., Nanzhou Township, Pingtung County","stationTel":"08-8642942","gps":"22.49203 120.51159"},{"stationCode":"5080","stationName":"鎮安","stationEName":"Zhen'an","name":"鎮安","ename":"Zhen'an","stationAddrTw":"屏東縣林邊鄉鎮安村永和路 4 號","stationAddrEn":"No. 4, Yonghe Rd., Linbian Township, Pingtung County","stationTel":"08-8642942","gps":"22.45794 120.51151"},{"stationCode":"5090","stationName":"林邊","stationEName":"Linbian","name":"林邊","ename":"Linbian","stationAddrTw":"屏東縣林邊鄉仁和村仁愛路 33 號","stationAddrEn":"No. 33, Ren’ai Rd., Linbian Township, Pingtung County","stationTel":"08-8751475","gps":"22.43141 120.51538"},{"stationCode":"5100","stationName":"佳冬","stationEName":"Jiadong","name":"佳冬","ename":"Jiadong","stationAddrTw":"屏東縣佳冬鄉六根村復興路21號","stationAddrEn":"No. 21, Fuxing Rd., Jiadong Township, Pingtung County","stationTel":"08-8662939","gps":"22.41416 120.54782"},{"stationCode":"5110","stationName":"東海","stationEName":"Donghai","name":"東海","ename":"Donghai","stationAddrTw":"屏東縣枋寮鄉東海村西安路 92 號","stationAddrEn":"No. 92, Xi’an Rd., Fangliao Township, Pingtung County","stationTel":"08-8782041","gps":"22.39903 120.57252"},{"stationCode":"5120","stationName":"枋寮","stationEName":"Fangliao","name":"枋寮","ename":"Fangliao","stationAddrTw":"屏東縣枋寮鄉枋寮村儲運路 18 號","stationAddrEn":"No. 18, Chuyun Rd., Fangliao Township, Pingtung County","stationTel":"08-8782041","gps":"22.36786 120.59501"},{"stationCode":"5130","stationName":"加祿","stationEName":"Jialu","name":"加祿","ename":"Jialu","stationAddrTw":"屏東縣枋山鄉加祿村會社 53 號","stationAddrEn":"No. 53, Huishe, Fangshan Township, Pingtung County","stationTel":"08-8720791","gps":"22.33085 120.62445"},{"stationCode":"5140","stationName":"內獅","stationEName":"Neishi","name":"內獅","ename":"Neishi","stationAddrTw":"屏東縣枋山鄉加祿村南和 43 號","stationAddrEn":"No. 43, Nanhe, Fangshan Township, Pingtung County","stationTel":"08-8720791","gps":"22.30615 120.64322"},{"stationCode":"5160","stationName":"枋山","stationEName":"Fangshan","name":"枋山","ename":"Fangshan","stationAddrTw":"屏東縣獅子鄉內獅村內獅巷 84 號","stationAddrEn":"No. 84, Neishi Ln., Shizi Township, Pingtung County","stationTel":"08-8720791","gps":"22.26677 120.65968"},{"stationCode":"5170","stationName":"枋野","stationEName":"Fangye","name":"枋野","ename":"Fangye","stationAddrTw":"屏東縣獅子鄉內獅村內獅巷 88 號","stationAddrEn":"No. 88, Neishi Ln., Shizi Township, Pingtung County","stationTel":"08-8761953","gps":"22.28091 120.71709"},{"stationCode":"5190","stationName":"大武","stationEName":"Dawu","name":"大武","ename":"Dawu","stationAddrTw":"臺東縣大武鄉大鳥村和平部落 33 號","stationAddrEn":"No. 33, Ku Shu Shu, Dawu Township, Taitung County","stationTel":"089-792056","gps":"22.36537 120.90091"},{"stationCode":"5200","stationName":"瀧溪","stationEName":"Longxi","name":"瀧溪","ename":"Longxi","stationAddrTw":"臺東縣太麻里鄉多良村大溪 37 號","stationAddrEn":"No. 37, Daxi, Taimali Township, Taitung County","stationTel":"089-761482","gps":"22.46102 120.94176"},{"stationCode":"5210","stationName":"金崙","stationEName":"Jinlun","name":"金崙","ename":"Jinlun","stationAddrTw":"臺東縣太麻里鄉金崙村金崙 47 之 17 號","stationAddrEn":"No. 47-17, Jinlun, Taimali Township, Taitung County","stationTel":"089-771068","gps":"22.53161 120.96721"},{"stationCode":"5220","stationName":"太麻里","stationEName":"Taimali","name":"太麻里","ename":"Taimali","stationAddrTw":"臺東縣太麻里鄉大王村站前路 2 號","stationAddrEn":"No. 2, Zhanqian Rd., Taimali Township, Taitung County","stationTel":"089-781544","gps":"22.61879 121.00505"},{"stationCode":"5230","stationName":"知本","stationEName":"Zhiben","name":"知本","ename":"Zhiben","stationAddrTw":"臺東縣臺東市知本里知本路二段 900 巷 85 號","stationAddrEn":"No. 85, Ln. 900, Sec. 2, Zhiben Rd., Taidong City, Taitung County","stationTel":"089-514482","gps":"22.71023 121.06059"},{"stationCode":"5240","stationName":"康樂","stationEName":"Kangle","name":"康樂","ename":"Kangle","stationAddrTw":"臺東縣臺東市康樂里博物館路 51 巷 131 號","stationAddrEn":"No. 131, Ln. 51, Museum Rd., Taidong City, Taitung County","stationTel":"089-383107","gps":"22.76406 121.09338"},{"stationCode":"5999","stationName":"潮州基地","stationEName":"Chaozhou Railway Workshop","name":"潮州基地","ename":"Chaozhou Railway Workshop","stationAddrTw":"屏東縣潮州鎮光春里光復路 616 號","stationAddrEn":"No. 616, Guangfu Rd., Chaozhou Township, Pingtung County","stationTel":"08-7889880","gps":"22.52231 120.52642"},{"stationCode":"6000","stationName":"臺東","stationEName":"Taitung","name":"臺東","ename":"Taitung","stationAddrTw":"臺東縣臺東市岩灣里岩灣路 101 巷 598 號","stationAddrEn":"No. 598, Ln. 101, Yanwan Rd., Taidong City, Taitung County","stationTel":"089-229687","gps":"22.79375 121.12326"},{"stationCode":"6010","stationName":"山里","stationEName":"Shanli","name":"山里","ename":"Shanli","stationAddrTw":"臺東縣卑南鄉嘉豐村山里路 108 號","stationAddrEn":"No. 108, Shanli Rd., Beinan Township, Taitung County","stationTel":"089-572370","gps":"22.86194 121.13778"},{"stationCode":"6020","stationName":"鹿野","stationEName":"Luye","name":"鹿野","ename":"Luye","stationAddrTw":"臺東縣鹿野鄉鹿野村中正路 38 號","stationAddrEn":"No. 38, Zhongzheng Rd., Luye Township, Taitung County","stationTel":"089-550217","gps":"22.91251 121.13696"},{"stationCode":"6030","stationName":"瑞源","stationEName":"Ruiyuan","name":"瑞源","ename":"Ruiyuan","stationAddrTw":"臺東縣鹿野鄉瑞源村瑞景路一段 336 巷 8 號 之 1","stationAddrEn":"No. 8-1, Ln. 336, Sec. 1, Ruijing Rd., Luye Township, Taitung County","stationTel":"089-580159","gps":"22.95613 121.15902"},{"stationCode":"6040","stationName":"瑞和","stationEName":"Ruihe","name":"瑞和","ename":"Ruihe","stationAddrTw":"臺東縣鹿野鄉瑞和村瑞景路三段 1 之 1 號","stationAddrEn":"No. 1-1, Sec. 3, Ruijing Rd., Luye Township, Taitung County","stationTel":"089-580159","gps":"22.98001 121.15573"},{"stationCode":"6050","stationName":"關山","stationEName":"Guanshan","name":"關山","ename":"Guanshan","stationAddrTw":"臺東縣關山鎮里壠里博愛路 2 號","stationAddrEn":"No. 2, Bo’ai Rd., Guanshan Township, Taitung County","stationTel":"089-811033","gps":"23.04564 121.16441"},{"stationCode":"6060","stationName":"海端","stationEName":"Haiduan","name":"海端","ename":"Haiduan","stationAddrTw":"臺東縣關山鎮德高里西莊 49 號","stationAddrEn":"No. 49, Xizhuang, Guanshan Township, Taitung County","stationTel":"089-811033","gps":"23.10292 121.17676"},{"stationCode":"6070","stationName":"池上","stationEName":"Chishang","name":"池上","ename":"Chishang","stationAddrTw":"臺東縣池上鄉福文村鐵花路 30 號","stationAddrEn":"No. 30, Tiehua Rd., Chishang Township, Taitung County","stationTel":"089-862097","gps":"23.12605 121.21956"},{"stationCode":"6080","stationName":"富里","stationEName":"Fuli","name":"富里","ename":"Fuli","stationAddrTw":"花蓮縣富里鄉富里村車站街 56 號","stationAddrEn":"No. 56, Chezhan St., Fuli Township, Hualien County","stationTel":"03-8831771","gps":"23.17935 121.24864"},{"stationCode":"6090","stationName":"東竹","stationEName":"Dongzhu","name":"東竹","ename":"Dongzhu","stationAddrTw":"花蓮縣富里鄉新興村新興 26 號","stationAddrEn":"No. 26, Xinxing, Fuli Township, Hualien County","stationTel":"03-8821504","gps":"23.22612 121.27844"},{"stationCode":"6100","stationName":"東里","stationEName":"Dongli","name":"東里","ename":"Dongli","stationAddrTw":"花蓮縣富里鄉東里村大莊路 15 之 6 號","stationAddrEn":"No. 15-6, Dazhuang Rd., Fuli Township, Hualien County","stationTel":"03-8861005","gps":"23.27233 121.30425"},{"stationCode":"6110","stationName":"玉里","stationEName":"Yuli","name":"玉里","ename":"Yuli","stationAddrTw":"花蓮縣玉里鎮中城里康樂街 39 號","stationAddrEn":"No. 39, Kangle St., Yuli Township, Hualien County","stationTel":"03-8882020","gps":"23.33161 121.31181"},{"stationCode":"6120","stationName":"三民","stationEName":"Sanmin","name":"三民","ename":"Sanmin","stationAddrTw":"花蓮縣玉里鎮三民里三民 10 號","stationAddrEn":"No. 10, Sanmin, Yuli Township, Hualien County","stationTel":"03-8841847","gps":"23.42463 121.34561"},{"stationCode":"6130","stationName":"瑞穗","stationEName":"Ruisui","name":"瑞穗","ename":"Ruisui","stationAddrTw":"花蓮縣瑞穗鄉瑞穗村四維街 13 號","stationAddrEn":"No. 13, Siwei St., Ruisui Township, Hualien County","stationTel":"03-8875039","gps":"23.49739 121.37689"},{"stationCode":"6140","stationName":"富源","stationEName":"Fuyuan","name":"富源","ename":"Fuyuan","stationAddrTw":"花蓮縣瑞穗鄉富源村富源路 2 號","stationAddrEn":"No. 2, Fuyuan Rd., Ruisui Township, Hualien County","stationTel":"03-8811824","gps":"23.58028 121.38003"},{"stationCode":"6150","stationName":"大富","stationEName":"Dafu","name":"大富","ename":"Dafu","stationAddrTw":"花蓮縣光復鄉大富村明德路 1 號","stationAddrEn":"No. 1, Mingde Rd., Guangfu Township, Hualien County","stationTel":"03-8811824","gps":"23.60572 121.38969"},{"stationCode":"6160","stationName":"光復","stationEName":"Guangfu","name":"光復","ename":"Guangfu","stationAddrTw":"花蓮縣光復鄉大安村中正路一段 2 之 1 號","stationAddrEn":"No. 2-1, Sec. 1, Zhongzheng Rd., Guangfu Township, Hualien County","stationTel":"03-8704143","gps":"23.66633 121.42125"},{"stationCode":"6170","stationName":"萬榮","stationEName":"Wanrong","name":"萬榮","ename":"Wanrong","stationAddrTw":"花蓮縣鳳林鎮長橋里長德街 17 號","stationAddrEn":"No. 17, Changde St., Fenglin Township, Hualien County","stationTel":"03-8752175","gps":"23.71199 121.41907"},{"stationCode":"6180","stationName":"鳳林","stationEName":"Fenglin","name":"鳳林","ename":"Fenglin","stationAddrTw":"花蓮縣鳳林鎮鳳智里中山路 43 號","stationAddrEn":"No. 43, Zhongshan Rd., Fenglin Township, Hualien County","stationTel":"03-8762004","gps":"23.74625 121.44708"},{"stationCode":"6190","stationName":"南平","stationEName":"Nanping","name":"南平","ename":"Nanping","stationAddrTw":"花蓮縣鳳林鎮南平里自強路 233 號","stationAddrEn":"No. 233, Ziqiang Rd., Fenglin Township, Hualien County","stationTel":"03-8771597","gps":"23.78228 121.45833"},{"stationCode":"6200","stationName":"林榮新光","stationEName":"Linrong Shin Kong","name":"林榮新光","ename":"Linrong Shin Kong","stationAddrTw":"花蓮縣鳳林鎮兆豐路800號","stationAddrEn":"No. 800, Chaofeng Rd., Fenglin Township, Hualien County","stationTel":"03-8772677","gps":"23.80225 121.46205"},{"stationCode":"6210","stationName":"豐田","stationEName":"Fengtian","name":"豐田","ename":"Fengtian","stationAddrTw":"花蓮縣壽豐鄉豐山村站前街 36 號","stationAddrEn":"No. 36, Zhanqian St., Shoufeng Township, Hualien County","stationTel":"03-8654251","gps":"23.84836 121.49619"},{"stationCode":"6220","stationName":"壽豐","stationEName":"Shoufeng","name":"壽豐","ename":"Shoufeng","stationAddrTw":"花蓮縣壽豐鄉壽豐村壽山路 1 號","stationAddrEn":"No. 1, Shoushan Rd., Shoufeng Township, Hualien County","stationTel":"03-8653706","gps":"23.86901 121.51064"},{"stationCode":"6230","stationName":"平和","stationEName":"Pinghe","name":"平和","ename":"Pinghe","stationAddrTw":"花蓮縣壽豐鄉平和村平和路 1 號","stationAddrEn":"No. 1, Pinghe Rd., Shoufeng Township, Hualien County","stationTel":"03-8653706","gps":"23.88275 121.52036"},{"stationCode":"6240","stationName":"志學","stationEName":"Zhixue","name":"志學","ename":"Zhixue","stationAddrTw":"花蓮縣壽豐鄉志學村中正路 1 號","stationAddrEn":"No. 1, Zhongzheng Rd., Shoufeng Township, Hualien County","stationTel":"03-8662966","gps":"23.90751 121.52947"},{"stationCode":"6250","stationName":"吉安","stationEName":"Ji'an","name":"吉安","ename":"Ji'an","stationAddrTw":"花蓮縣吉安鄉南昌村南昌路1號","stationAddrEn":"No. 200, Nanchang Rd., Ji`an Township, Hualien County","stationTel":"03-8539423","gps":"23.96825 121.58261"},{"stationCode":"7000","stationName":"花蓮","stationEName":"Hualien","name":"花蓮","ename":"Hualien","stationAddrTw":"花蓮縣花蓮市國聯里國聯一路 100 號","stationAddrEn":"No. 100, Guolian 1st Rd., Hualian City, Hualien County","stationTel":"03-8355941","gps":"23.99264 121.60158"},{"stationCode":"7010","stationName":"北埔","stationEName":"Beipu","name":"北埔","ename":"Beipu","stationAddrTw":"花蓮縣新城鄉北埔村自強街 113 號","stationAddrEn":"No. 113, Ziqiang St., Xincheng Township, Hualien County","stationTel":"03-8263809","gps":"24.03251 121.60189"},{"stationCode":"7020","stationName":"景美","stationEName":"Jingmei","name":"景美","ename":"Jingmei","stationAddrTw":"花蓮縣秀林鄉景美村加灣 178 之 1 號","stationAddrEn":"No. 178-1, Jiawan, Xiulin Township, Hualien County","stationTel":"03-8611237","gps":"24.09039 121.61103"},{"stationCode":"7030","stationName":"新城","stationEName":"Xincheng","name":"新城","ename":"Xincheng","stationAddrTw":"花蓮縣新城鄉新城村新興一路 73 號","stationAddrEn":"No. 73, Xinxing 1st Rd., Xincheng Township, Hualien County","stationTel":"03-8611237","gps":"24.12761 121.64103"},{"stationCode":"7040","stationName":"崇德","stationEName":"Chongde","name":"崇德","ename":"Chongde","stationAddrTw":"花蓮縣秀林鄉崇德村海濱路 96 號","stationAddrEn":"No. 96, Haibin Rd., Xiulin Township, Hualien County","stationTel":"03-8621365","gps":"24.17199 121.65536"},{"stationCode":"7050","stationName":"和仁","stationEName":"Heren","name":"和仁","ename":"Heren","stationAddrTw":"花蓮縣秀林鄉和平村和仁 71 號","stationAddrEn":"No. 71, Heren, Xiulin Township, Hualien County","stationTel":"03-8681221","gps":"24.24219 121.71192"},{"stationCode":"7060","stationName":"和平","stationEName":"Heping","name":"和平","ename":"Heping","stationAddrTw":"花蓮縣秀林鄉和平村和平 276 號","stationAddrEn":"No. 276, Heping, Xiulin Township, Hualien County","stationTel":"03-8681009","gps":"24.29825 121.75322"},{"stationCode":"7070","stationName":"漢本","stationEName":"Hanben","name":"漢本","ename":"Hanben","stationAddrTw":"宜蘭縣南澳鄉澳花村蘇花路一段 56 號","stationAddrEn":"No. 56, Sec. 1, Suhua Rd., Nan`ao Township, Yilan County","stationTel":"03-9985238","gps":"24.33542 121.76829"},{"stationCode":"7080","stationName":"武塔","stationEName":"Wuta","name":"武塔","ename":"Wuta","stationAddrTw":"宜蘭縣南澳鄉武塔村新溪路 18 號","stationAddrEn":"No. 18, Xinxi Rd., Nan`ao Township, Yilan County","stationTel":"03-9981971","gps":"24.44879 121.77601"},{"stationCode":"7090","stationName":"南澳","stationEName":"Nan'ao","name":"南澳","ename":"Nan'ao","stationAddrTw":"宜蘭縣蘇澳鎮南強里大通路 22 號","stationAddrEn":"No. 22, Datong Rd., Su`ao Township, Yilan County","stationTel":"03-9981971","gps":"24.46342 121.80103"},{"stationCode":"7100","stationName":"東澳","stationEName":"Dong'ao","name":"東澳","ename":"Dong'ao","stationAddrTw":"宜蘭縣南澳鄉東岳村東岳路 1 號","stationAddrEn":"No. 1, Dongyue Rd., Nan`ao Township, Yilan County","stationTel":"03-9986053","gps":"24.51828 121.83071"},{"stationCode":"7110","stationName":"永樂","stationEName":"Yongle","name":"永樂","ename":"Yongle","stationAddrTw":"宜蘭縣蘇澳鎮永樂里圳頭路 60 號","stationAddrEn":"No. 60, Zuntou Rd., Su`ao Township, Yilan County","stationTel":"03-9961889","gps":"24.56843 121.84458"},{"stationCode":"7120","stationName":"蘇澳","stationEName":"Su'ao","name":"蘇澳","ename":"Su'ao","stationAddrTw":"宜蘭縣蘇澳鎮蘇南里太平路 1 號","stationAddrEn":"No. 1, Taiping Rd., Su`ao Township, Yilan County","stationTel":"03-9962028","gps":"24.59539 121.85145"},{"stationCode":"7130","stationName":"蘇澳新","stationEName":"Su'aoxin","name":"蘇澳新","ename":"Su'aoxin","stationAddrTw":"宜蘭縣蘇澳鎮聖愛里中山路二段 238 之 1 號","stationAddrEn":"No. 238-1, Sec. 2, Zhongshan Rd., Su`ao Township, Yilan County","stationTel":"03-9961004","gps":"24.60852 121.82719"},{"stationCode":"7140","stationName":"新馬","stationEName":"Xinma","name":"新馬","ename":"Xinma","stationAddrTw":"宜蘭縣蘇澳鎮新城里中山路二段 322 號","stationAddrEn":"No. 322, Sec. 2, Zhongshan Rd., Su`ao Township, Yilan County","stationTel":"03-9961004","gps":"24.61535 121.82292"},{"stationCode":"7150","stationName":"冬山","stationEName":"Dongshan","name":"冬山","ename":"Dongshan","stationAddrTw":"宜蘭縣冬山鄉冬山村中正路 1 號","stationAddrEn":"No. 1, Zhongzheng Rd., Dongshan Township, Yilan County","stationTel":"03-9594221","gps":"24.63642 121.79221"},{"stationCode":"7160","stationName":"羅東","stationEName":"Luodong","name":"羅東","ename":"Luodong","stationAddrTw":"宜蘭縣羅東鎮大新里公正路 2 號","stationAddrEn":"No. 2, Gongzheng Rd., Luodong Township, Yilan County","stationTel":"03-9542117","gps":"24.67795 121.77424"},{"stationCode":"7170","stationName":"中里","stationEName":"Zhongli_Yilan","name":"中里","ename":"Zhongli_Yilan","stationAddrTw":"宜蘭縣五結鄉中興村台興路 10 號","stationAddrEn":"No. 10, Taixing Rd., Wujie Township, Yilan County","stationTel":"03-9542117","gps":"24.69415 121.77526"},{"stationCode":"7180","stationName":"二結","stationEName":"Erjie","name":"二結","ename":"Erjie","stationAddrTw":"宜蘭縣五結鄉五結中路三段658巷8號","stationAddrEn":"No. 8,Lane 658,WuJie Central Rd. Sec.3, Wujie Township, Yilan County","stationTel":"03-9650304","gps":"24.70529 121.77411"},{"stationCode":"7190","stationName":"宜蘭","stationEName":"Yilan","name":"宜蘭","ename":"Yilan","stationAddrTw":"宜蘭縣宜蘭市和睦里光復路 1 號","stationAddrEn":"No. 1, Guangfu Rd., Yilan City, Yilan County","stationTel":"03-9323801","gps":"24.75462 121.75791"},{"stationCode":"7200","stationName":"四城","stationEName":"Sicheng","name":"四城","ename":"Sicheng","stationAddrTw":"宜蘭縣礁溪鄉吳沙村站前路 24 號","stationAddrEn":"No. 24, Zhanqian Rd., Jiaoxi Township, Yilan County","stationTel":"03-9282449","gps":"24.78684 121.76268"},{"stationCode":"7210","stationName":"礁溪","stationEName":"Jiaoxi","name":"礁溪","ename":"Jiaoxi","stationAddrTw":"宜蘭縣礁溪鄉德陽村溫泉路 1 號","stationAddrEn":"No. 1, Wenquan Rd., Jiaoxi Township, Yilan County","stationTel":"03-9886940","gps":"24.82705 121.77523"},{"stationCode":"7220","stationName":"頂埔","stationEName":"Dingpu","name":"頂埔","ename":"Dingpu","stationAddrTw":"宜蘭縣頭城鎮下埔里下埔路 4 之 8 號","stationAddrEn":"No. 4-8, Xiapu Rd., Toucheng Township, Yilan County","stationTel":"03-9771429","gps":"24.84383 121.80918"},{"stationCode":"7230","stationName":"頭城","stationEName":"Toucheng","name":"頭城","ename":"Toucheng","stationAddrTw":"宜蘭縣頭城鎮纘祥路 59 號","stationAddrEn":"No. 59, Zuanxiang Rd., Toucheng Township, Yilan County","stationTel":"03-9771429","gps":"24.85898 121.82253"},{"stationCode":"7240","stationName":"外澳","stationEName":"Wai'ao","name":"外澳","ename":"Wai'ao","stationAddrTw":"宜蘭縣頭城鎮濱海路二段 217 號","stationAddrEn":"No. 217, Sec. 2, Binhai Rd., Toucheng Township, Yilan County","stationTel":"03-9771429","gps":"24.88371 121.84576"},{"stationCode":"7250","stationName":"龜山","stationEName":"Guishan","name":"龜山","ename":"Guishan","stationAddrTw":"宜蘭縣頭城鎮更新里濱海路三段 261 號","stationAddrEn":"No. 261, Sec. 3, Binhai Rd., Toucheng Township, Yilan County","stationTel":"03-9770351","gps":"24.90486 121.86889"},{"stationCode":"7260","stationName":"大溪","stationEName":"Daxi","name":"大溪","ename":"Daxi","stationAddrTw":"宜蘭縣頭城鎮濱海路五段 63 號","stationAddrEn":"No. 63, Sec. 5, Binhai Rd., Toucheng Township, Yilan County","stationTel":"03-9771429","gps":"24.93836 121.88983"},{"stationCode":"7270","stationName":"大里","stationEName":"Dali","name":"大里","ename":"Dali","stationAddrTw":"宜蘭縣頭城鎮大里里濱海路六段 326 號","stationAddrEn":"No. 326, Sec. 6, Binhai Rd., Toucheng Township, Yilan County","stationTel":"03-9781171","gps":"24.96688 121.92257"},{"stationCode":"7280","stationName":"石城","stationEName":"Shicheng","name":"石城","ename":"Shicheng","stationAddrTw":"宜蘭縣頭城鎮濱海路七段 230 號","stationAddrEn":"No. 230, Sec. 7, Binhai Rd., Toucheng Township, Yilan County","stationTel":"03-9771429","gps":"24.97832 121.94507"},{"stationCode":"7290","stationName":"福隆","stationEName":"Fulong","name":"福隆","ename":"Fulong","stationAddrTw":"新北市貢寮區福隆里福隆街 2 號","stationAddrEn":"No. 2, Fulong St., Gongliao Dist., New Taipei City","stationTel":"02-24991800","gps":"25.01598 121.94471"},{"stationCode":"7300","stationName":"貢寮","stationEName":"Gongliao","name":"貢寮","ename":"Gongliao","stationAddrTw":"新北市貢寮區貢寮里朝陽街 33 號","stationAddrEn":"No. 33, Chaoyang St., Gongliao Dist., New Taipei City","stationTel":"02-24941500","gps":"25.02204 121.90872"},{"stationCode":"7310","stationName":"雙溪","stationEName":"Shuangxi","name":"雙溪","ename":"Shuangxi","stationAddrTw":"新北市雙溪區新基里朝陽街 1 號","stationAddrEn":"No. 1, Chaoyang St., Shuangxi Dist., New Taipei City","stationTel":"02-24932980","gps":"25.03861 121.86415"},{"stationCode":"7320","stationName":"牡丹","stationEName":"Mudan","name":"牡丹","ename":"Mudan","stationAddrTw":"新北市雙溪區牡丹里51號","stationAddrEn":"No. 159, Mudan Rd., Shuangxi Dist., New Taipei City","stationTel":"02-24932980","gps":"25.05877 121.84974"},{"stationCode":"7330","stationName":"三貂嶺","stationEName":"Sandiaoling","name":"三貂嶺","ename":"Sandiaoling","stationAddrTw":"新北市瑞芳區碩仁里魚寮路 1 號","stationAddrEn":"No. 1, Yuliao Rd., Ruifang Dist., New Taipei City","stationTel":"02-24977896","gps":"25.06555 121.82259"},{"stationCode":"7331","stationName":"大華","stationEName":"Dahua","name":"大華","ename":"Dahua","stationAddrTw":"新北市平溪區南山里六分 12 之 1 號","stationAddrEn":"No. 12-1, Liufen, Pingxi Dist., New Taipei City","stationTel":"02-24972033","gps":"25.04993 121.79751"},{"stationCode":"7332","stationName":"十分","stationEName":"Shifen","name":"十分","ename":"Shifen","stationAddrTw":"新北市平溪區十分里十分街 51 號","stationAddrEn":"No. 51, Shifen St., Pingxi Dist., New Taipei City","stationTel":"02-24958307","gps":"25.04111 121.77514"},{"stationCode":"7333","stationName":"望古","stationEName":"Wanggu","name":"望古","ename":"Wanggu","stationAddrTw":"新北市平溪區望古里 (無站房)","stationAddrEn":"Wanggu Vil. (No Station Building), Pingxi Dist., New Taipei City","stationTel":"02-24972033","gps":"25.03445 121.76349"},{"stationCode":"7334","stationName":"嶺腳","stationEName":"Lingjiao","name":"嶺腳","ename":"Lingjiao","stationAddrTw":"新北市平溪區嶺腳里嶺腳寮 22 號","stationAddrEn":"No. 22, Lingjiaoliao, Pingxi Dist., New Taipei City","stationTel":"02-24972033","gps":"25.03021 121.74784"},{"stationCode":"7335","stationName":"平溪","stationEName":"Pingxi","name":"平溪","ename":"Pingxi","stationAddrTw":"新北市平溪區平溪里中華街 12 號","stationAddrEn":"No. 12, Zhonghua St., Pingxi Dist., New Taipei City","stationTel":"02-24972033","gps":"25.02552 121.73994"},{"stationCode":"7336","stationName":"菁桐","stationEName":"Jingtong","name":"菁桐","ename":"Jingtong","stationAddrTw":"新北市平溪區菁桐里菁桐街 52 號","stationAddrEn":"No. 52, Jingtong St., Pingxi Dist., New Taipei City","stationTel":"02-24972033","gps":"25.02384 121.72394"},{"stationCode":"7350","stationName":"猴硐","stationEName":"Houtong","name":"猴硐","ename":"Houtong","stationAddrTw":"新北市瑞芳區光復里柴寮路 70 號","stationAddrEn":"No. 70, Chailiao Rd., Ruifang Dist., New Taipei City","stationTel":"02-24977747","gps":"25.08711 121.82741"},{"stationCode":"7360","stationName":"瑞芳","stationEName":"Ruifang","name":"瑞芳","ename":"Ruifang","stationAddrTw":"新北市瑞芳區龍潭里明燈路三段 82 號","stationAddrEn":"No. 82, Sec. 3, Mingdeng Rd., Ruifang Dist., New Taipei City","stationTel":"02-24972033","gps":"25.10861 121.80596"},{"stationCode":"7361","stationName":"海科館","stationEName":"Haikeguan","name":"海科館","ename":"Haikeguan","stationAddrTw":"基隆市中正區長潭里","stationAddrEn":"Changtan Vil., Zhongzheng Dist., Keelung City","stationTel":"02-24972033","gps":"25.13744 121.79987"},{"stationCode":"7362","stationName":"八斗子","stationEName":"Badouzi","name":"八斗子","ename":"Badouzi","stationAddrTw":"基隆市中正區砂子里省道臺 2 線 (與新北市瑞芳區交界處、無站房)","stationAddrEn":"Provincial Highway 2 (Junction of Ruifang Dist., New Taipei City, No Station Building), Zhongzheng Dist., Keelung City","stationTel":"02-24972033","gps":"25.13481 121.80411"},{"stationCode":"7380","stationName":"四腳亭","stationEName":"Sijiaoting","name":"四腳亭","ename":"Sijiaoting","stationAddrTw":"新北市瑞芳區吉慶里中央路 65 號","stationAddrEn":"No. 65, Zhongyang Rd., Ruifang Dist., New Taipei City","stationTel":"02-24579346","gps":"25.10281 121.76192"},{"stationCode":"7390","stationName":"暖暖","stationEName":"Nuannuan","name":"暖暖","ename":"Nuannuan","stationAddrTw":"基隆市暖暖區暖暖里暖暖街 51 號","stationAddrEn":"No. 66, Nuannuan St., Nuannuan Dist., Keelung City","stationTel":"02-24972033","gps":"25.10224 121.74048"}]