user_000003	m	55	United States	Jan 12, 2011
user_000008	m	50	Slovakia	Dec 11, 2011
user_000009	f	62	United States	Mar 27, 2012
user_000010	m	19	Poland	Jul 17, 2011
user_000011	m	28	Finland	Nov 21, 2010
user_000012	f	34	United States	Jun 12, 2010
user_000013	f	43	Romania	Dec 8, 2011
user_000017	m	24	Morocco	Nov 8, 2012
user_000019	f	28	Mexico	Jan 23, 2011
user_000020	f	55	Germany	Oct 6, 2011
user_000021	m	56	Canada	May 29, 2010
user_000022	m	55	United Kingdom	Jul 27, 2011
user_000024	f	25	United States	Dec 16, 2009
user_000026	m	61	Turkey	Mar 5, 2011
user_000027	m	38	United States	Oct 7, 2010
user_000028	m	45	United Kingdom	Feb 1, 2011
user_000032	m	62	Italy	May 13, 2010
user_000033	f	41	Poland	Mar 7, 2011
user_000034	f	31	Brazil	Nov 28, 2010
user_000035	m	37	Australia	May 20, 2010
user_000036	f	57	Mexico	May 3, 2012
user_000038	m	34	Russian Federation	Sep 18, 2011
user_000039	m	33	United Kingdom	Aug 17, 2011
user_000040	f	55	Germany	Jul 4, 2011
user_000041	m	60	Sweden	Aug 27, 2010
user_000042	f	64	United States	Mar 13, 2011
user_000043	f	64	United States	May 31, 2011
user_000044	f	53	Italy	May 11, 2012
user_000045	m	49	Chile	Sep 21, 2011
user_000046	m	23	Greece	Jul 5, 2012
user_000047	f	65	Croatia	Nov 8, 2011
user_000048	m	55	Italy	Mar 12, 2012
user_000050	f	50	United Kingdom	Apr 25, 2011
user_000051	f	48	Brazil	Oct 23, 2011
user_000052	m	20	Russian Federation	Dec 29, 2011
user_000053	m	56	Germany	Feb 12, 2011
user_000054	m	63	Brazil	Feb 12, 2010
user_000055	m	54	Serbia	Oct 19, 2011
user_000056	m	19	United States	Mar 30, 2011
user_000057	m	30	United Kingdom	Nov 9, 2011
user_000058	f	43	Poland	May 13, 2011
user_000059	f	65	United States	Nov 22, 2010
user_000060	f	36	United States	Dec 24, 2010
user_000063	f	20	Poland	Dec 8, 2010
user_000064	m	45	Finland	Mar 3, 2011
user_000065	m	60	United States	Jan 5, 2011
user_000066	f	55	United States	Jul 22, 2011
user_000067	m	31	Canada	May 21, 2010
user_000069	m	48	United States	Sep 25, 2010
user_000071	m	44	Netherlands	Feb 25, 2011
user_000072	f	34	Armenia	Feb 4, 2012
user_000073	m	44	United Kingdom	Aug 12, 2012
user_000074	m	21	Turkey	Aug 22, 2010
user_000075	f	26	Romania	Aug 17, 2011
user_000076	m	23	Germany	Feb 8, 2011
user_000078	f	40	Poland	Dec 23, 2010
user_000081	f	23	United States	Sep 30, 2011
user_000082	f	20	Poland	Apr 13, 2011
user_000083	f	37	Bulgaria	Aug 5, 2012
user_000084	m	31	Venezuela	Feb 16, 2011
user_000085	f	23	Croatia	Jul 26, 2012
user_000087	f	36	Poland	Dec 18, 2011
user_000088	m	41	Turkey	May 26, 2010
user_000089	f	31	United States	Mar 9, 2011
user_000090	m	61	Sweden	Nov 2, 2010
user_000091	f	42	United Kingdom	May 30, 2012
user_000092	m	23	Turkey	Jan 23, 2011
user_000093	m	50	United Kingdom	Feb 18, 2011
user_000094	m	36	Poland	May 14, 2012
user_000096	f	51	Finland	May 5, 2011
user_000099	f	23	Brazil	Aug 30, 2011
user_000100	m	22	United Kingdom	Aug 16, 2012
user_000101	m	29	United Kingdom	Dec 19, 2011
user_000103	m	65	United Kingdom	Apr 27, 2011
user_000105	m	23	Turkey	Jun 6, 2011
user_000106	f	20	New Zealand	Feb 4, 2012
user_000107	m	27	Poland	Apr 16, 2011
user_000108	m	25	Latvia	May 8, 2011
user_000109	m	20	Canada	Jun 4, 2011
user_000110	m	61	Poland	Jul 12, 2012
user_000111	f	29	Sweden	May 2, 2011
user_000112	f	30	Turkey	Jun 7, 2011
user_000113	f	20	Italy	Jun 1, 2011
user_000114	f	21	Turkey	Apr 11, 2012
user_000116	f	37	Spain	Feb 21, 2012
user_000117	m	65	United Kingdom	Nov 9, 2010
user_000118	f	41	United States	Jul 1, 2010
user_000119	f	55	Finland	Mar 7, 2011
user_000120	f	52	United States	May 20, 2010
user_000122	f	52	United States	Jul 6, 2011
user_000123	m	47	United States	Apr 20, 2011
user_000124	m	61	United States	Oct 6, 2010
user_000125	f	53	Canada	Aug 25, 2010
user_000127	m	21	Estonia	May 16, 2011
user_000128	m	53	United States	Apr 20, 2011
user_000130	f	48	United States	Jan 28, 2012
user_000131	f	20	United States Minor Outlying Islands	May 3, 2011
user_000132	m	40	Norway	Nov 2, 2010
user_000134	m	35	Chile	Dec 30, 2010
user_000137	m	26	Chile	Feb 13, 2012
user_000138	m	51	United States	Mar 3, 2010
user_000140	m	58	United Kingdom	Jun 6, 2008
user_000141	f	35	Trinidad and Tobago	Mar 3, 2011
user_000143	m	42	Mexico	May 8, 2011
user_000144	f	64	Norway	Apr 8, 2010
user_000148	f	25	United States	Jul 15, 2011
user_000149	m	42	United States	Apr 17, 2011
user_000150	f	40	Canada	Jul 14, 2011
user_000151	m	35	Norway	Jun 7, 2011
user_000152	m	46	Finland	Dec 31, 2009
user_000156	m	18	Portugal	Apr 30, 2011
user_000157	m	63	United States	Mar 11, 2011
user_000159	m	45	United Kingdom	Sep 2, 2010
user_000160	m	24	United Kingdom	Sep 5, 2011
user_000162	f	40	Switzerland	Mar 18, 2010
user_000163	m	22	Spain	Jan 17, 2012
user_000164	f	53	United States	Aug 29, 2011
user_000165	f	44	Norway	Jan 22, 2011
user_000166	f	44	Greece	Nov 17, 2011
user_000167	m	46	Australia	Feb 17, 2011
user_000168	m	21	United Kingdom	Jul 1, 2009
user_000169	m	65	Canada	Sep 2, 2011
user_000170	f	41	Canada	Jul 10, 2010
user_000172	m	25	United States	Aug 1, 2011
user_000173	f	18	Italy	May 19, 2011
user_000175	f	56	United Kingdom	Aug 20, 2011
user_000176	f	32	Nicaragua	Aug 31, 2011
user_000177	m	54	Brazil	Aug 6, 2012
user_000179	m	55	United Kingdom	May 7, 2010
user_000180	m	64	Ireland	Jan 8, 2011
user_000181	f	23	United States	Feb 15, 2011
user_000182	f	55	Belgium	Sep 24, 2010
user_000184	f	47	Canada	Aug 16, 2011
user_000185	m	50	United Kingdom	May 23, 2010
user_000187	m	57	United Kingdom	Jul 15, 2011
user_000188	m	60	Finland	Aug 9, 2010
user_000189	m	21	United States	Nov 23, 2009
user_000190	m	23	Italy	Apr 21, 2011
user_000193	m	49	Peru	Jan 9, 2011
user_000195	m	30	Poland	Sep 26, 2011
user_000196	m	53	Switzerland	Mar 11, 2010
user_000197	f	36	Sweden	Jul 1, 2011
user_000198	f	54	Poland	Sep 28, 2012
user_000199	m	27	United States	May 26, 2011
user_000201	m	41	Australia	Dec 17, 2010
user_000202	m	60	Netherlands	Nov 30, 2011
user_000204	f	39	Turkey	Aug 1, 2012
user_000205	m	62	Mexico	Oct 20, 2011
user_000206	f	57	Turkey	Dec 8, 2010
user_000207	m	57	Portugal	Aug 11, 2011
user_000208	m	20	Switzerland	Aug 30, 2011
user_000209	f	64	Mexico	Dec 25, 2011
user_000210	m	29	United Kingdom	Apr 26, 2009
user_000211	m	28	Canada	Oct 24, 2009
user_000212	m	50	Romania	Dec 15, 2011
user_000213	f	38	United Kingdom	Aug 8, 2010
user_000215	m	52	Australia	May 7, 2011
user_000217	m	26	United States	Oct 15, 2009
user_000219	m	47	United States	Jan 21, 2011
user_000221	m	47	United States	Mar 2, 2012
user_000222	f	38	Trinidad and Tobago	Oct 23, 2010
user_000223	m	54	Sweden	Apr 15, 2011
user_000226	m	23	Serbia	Jan 24, 2011
user_000228	m	20	Brazil	Jan 8, 2011
user_000230	f	63	Australia	Jul 20, 2011
user_000233	m	38	United States	Oct 2, 2010
user_000234	f	57	United States	Aug 9, 2010
user_000236	f	25	United States	Sep 24, 2010
user_000237	f	54	United Kingdom	Jun 21, 2011
user_000238	f	27	Spain	Jul 21, 2011
user_000239	m	56	Czech Republic	Feb 14, 2011
user_000241	m	44	United Kingdom	Jun 1, 2012
user_000242	m	60	Spain	Apr 22, 2011
user_000243	f	63	Russian Federation	May 1, 2012
user_000244	m	64	United States	Aug 18, 2010
user_000246	m	29	United Kingdom	Nov 14, 2012
user_000247	m	23	Finland	Oct 24, 2011
user_000248	m	42	United Kingdom	Jan 16, 2009
user_000249	m	50	United States	Feb 28, 2011
user_000250	m	56	Canada	Sep 12, 2011
user_000251	f	38	Poland	Jul 14, 2011
user_000252	m	50	Argentina	Nov 7, 2009
user_000253	f	36	United States	May 11, 2011
user_000254	f	65	Italy	Nov 17, 2011
user_000255	m	19	United States	Feb 24, 2011
user_000256	m	36	Germany	Apr 4, 2012
user_000257	f	19	Taiwan	Aug 7, 2012
user_000258	f	20	United States	Sep 3, 2011
user_000259	f	54	Russian Federation	Sep 6, 2011
user_000260	m	58	Norway	Jun 28, 2010
user_000262	m	62	United States	Feb 22, 2011
user_000263	f	37	United Kingdom	Oct 27, 2011
user_000264	f	24	France	Aug 14, 2010
user_000265	f	46	Poland	Sep 15, 2012
user_000266	m	46	United Kingdom	Oct 31, 2010
user_000267	m	57	British Indian Ocean Territory	Dec 24, 2010
user_000268	m	52	Taiwan	Jun 10, 2011
user_000269	f	41	Taiwan	Nov 30, 2010
user_000270	m	42	Taiwan	Mar 18, 2011
user_000271	m	19	Taiwan	Feb 23, 2011
user_000273	m	53	United States	Jun 5, 2010
user_000276	m	34	Hungary	Feb 14, 2011
user_000277	f	25	New Zealand	Feb 16, 2011
user_000278	m	48	United States	Oct 12, 2010
user_000282	f	43	Sweden	May 29, 2011
user_000284	f	64	Turkey	Sep 3, 2011
user_000285	f	65	United States	Feb 19, 2010
user_000289	m	65	Thailand	Oct 12, 2012
user_000291	m	27	France	Oct 22, 2011
user_000292	m	63	Netherlands	Aug 17, 2012
user_000294	f	57	Czech Republic	Mar 29, 2011
user_000295	m	50	Italy	Aug 25, 2012
user_000296	m	52	Poland	Apr 13, 2011
user_000297	m	19	Spain	Aug 13, 2012
user_000298	m	52	Argentina	Apr 10, 2010
user_000299	f	39	United States	Oct 3, 2011
user_000300	f	40	United States	Feb 9, 2011
user_000301	m	38	Netherlands	Aug 16, 2011
user_000303	f	37	Slovakia	May 31, 2011
user_000304	f	37	United Kingdom	Apr 20, 2010
user_000305	m	59	Sweden	Jul 2, 2011
user_000306	m	24	Turkey	Aug 19, 2010
user_000308	f	62	Norway	May 16, 2011
user_000309	m	20	United States	Jan 17, 2011
user_000310	m	56	United States	Aug 26, 2010
user_000311	m	23	Taiwan	Jul 1, 2010
user_000312	m	19	Taiwan	Jun 26, 2011
user_000313	m	48	Taiwan	Oct 12, 2010
user_000314	m	55	Taiwan	Mar 2, 2012
user_000316	m	32	Belgium	Sep 7, 2011
user_000317	m	43	Hungary	Apr 2, 2012
user_000318	m	60	Sweden	Sep 14, 2011
user_000319	f	26	Brazil	Aug 4, 2010
user_000320	m	50	France	Mar 24, 2012
user_000321	f	36	Poland	Oct 28, 2011
user_000322	m	56	United Kingdom	Dec 14, 2011
user_000323	f	28	United States	Nov 3, 2010
user_000324	m	29	Canada	Aug 19, 2012
user_000325	f	35	Finland	Jan 8, 2011
user_000326	m	38	Turkey	Jan 21, 2011
user_000327	f	40	United Kingdom	Jul 20, 2011
user_000328	m	53	Taiwan	Jul 7, 2011
user_000329	m	18	Taiwan	Jan 29, 2012
user_000331	m	53	Taiwan	Aug 13, 2010
user_000332	m	28	Taiwan	Apr 6, 2012
user_000334	m	22	United Kingdom	May 7, 2010
user_000336	f	56	United States	Aug 25, 2011
user_000337	f	58	United States	Oct 15, 2010
user_000338	f	29	Poland	Jun 29, 2010
user_000339	m	31	Norway	Mar 28, 2010
user_000340	m	55	Brazil	Jun 28, 2012
user_000344	m	57	Turkey	Feb 18, 2011
user_000346	f	33	Croatia	Jul 12, 2012
user_000348	m	52	Finland	Mar 19, 2010
user_000349	m	40	Brazil	Sep 13, 2010
user_000350	m	45	Poland	Feb 28, 2011
user_000351	m	48	Norway	Feb 19, 2012
user_000354	m	41	United Kingdom	Mar 6, 2010
user_000355	f	55	Argentina	Aug 15, 2011
user_000356	f	58	Turkey	Aug 19, 2010
user_000359	f	47	United States	Nov 3, 2010
user_000361	m	41	Poland	Mar 30, 2012
user_000364	m	64	Norway	May 29, 2011
user_000366	m	57	Finland	Feb 24, 2010
user_000533	f	22	Japan	Jan 18, 2015
