年別,首站抵達地,細分,12歲以下,13歲至19歲,20至29歲,30至39歲,40至49歲,50至59歲,60歲及以上,合計
2013,亞洲地區,日本 Japan,166547.00 ,114948.00 ,378437.00 ,597575.00 ,418801.00 ,360735.00 ,308964.00 ,2346007.00 
2013,亞洲地區,韓國 Korea,29706.00 ,30487.00 ,119028.00 ,145267.00 ,89337.00 ,60537.00 ,44166.00 ,518528.00 
2013,亞洲地區,香港 Hong Kong,100010.00 ,61381.00 ,280934.00 ,549102.00 ,470379.00 ,372128.00 ,204798.00 ,2038732.00 
2013,亞洲地區,中國大陸 China,128418.00 ,64462.00 ,217116.00 ,599334.00 ,776525.00 ,770920.00 ,515552.00 ,3072327.00 
2013,亞洲地區,澳門 Macao,21394.00 ,14451.00 ,65094.00 ,120008.00 ,120055.00 ,107805.00 ,65894.00 ,514701.00 
2013,亞洲地區,越南 Vietnam,31145.00 ,7793.00 ,29895.00 ,83352.00 ,74348.00 ,81959.00 ,53465.00 ,361957.00 
2013,亞洲地區,泰國 Thailand,21648.00 ,20356.00 ,106414.00 ,135260.00 ,96313.00 ,77036.00 ,50589.00 ,507616.00 
2013,亞洲地區,馬來西亞 Malaysia,14034.00 ,11174.00 ,40109.00 ,52776.00 ,44990.00 ,36713.00 ,27123.00 ,226919.00 
2013,亞洲地區,新加坡 Singapore,23690.00 ,16247.00 ,56988.00 ,74636.00 ,57667.00 ,39688.00 ,28672.00 ,297588.00 
2013,亞洲地區,菲律賓 Philippines,6669.00 ,4790.00 ,27498.00 ,35407.00 ,24458.00 ,18875.00 ,11664.00 ,129361.00 
2013,亞洲地區,汶萊 Brunei,148.00 ,38.00 ,217.00 ,408.00 ,418.00 ,541.00 ,641.00 ,2411.00 
2013,亞洲地區,印尼 Indonesia,10476.00 ,6390.00 ,31407.00 ,47538.00 ,31982.00 ,23543.00 ,15042.00 ,166378.00 
2013,亞洲地區,柬埔寨 Cambodia,1504.00 ,1531.00 ,6634.00 ,11704.00 ,11966.00 ,15917.00 ,12082.00 ,61338.00 
2013,亞洲地區,緬甸 Myanmar,1087.00 ,563.00 ,1486.00 ,3876.00 ,5578.00 ,6287.00 ,4987.00 ,23864.00 
2013,亞洲地區,阿拉伯聯合大公國 UAE,0.00 ,0.00 ,0.00 ,3.00 ,6.00 ,5.00 ,0.00 ,14.00 
2013,亞洲地區,土耳其 Turkey,0.00 ,0.00 ,0.00 ,0.00 ,0.00 ,0.00 ,0.00 ,0.00 
2013,亞洲地區,亞洲其他 Others,396.00 ,1744.00 ,19600.00 ,40885.00 ,27236.00 ,20950.00 ,10385.00 ,121196.00 
2013,亞洲地區,亞洲合計 Total,556872.00 ,356355.00 ,1380857.00 ,2497131.00 ,2250059.00 ,1993639.00 ,1354024.00 ,10388937.00 
2013,非洲地區,南非 S. Africa,0.00 ,0.00 ,0.00 ,0.00 ,0.00 ,0.00 ,2.00 ,2.00 
2013,非洲地區,非洲其他 Others,0.00 ,0.00 ,0.00 ,1.00 ,0.00 ,2.00 ,9.00 ,12.00 
2013,非洲地區,非洲合計 Total,0.00 ,0.00 ,0.00 ,1.00 ,0.00 ,2.00 ,11.00 ,14.00 
2013,美洲地區,美國 USA,19066.00 ,19093.00 ,52391.00 ,79292.00 ,67167.00 ,70184.00 ,74181.00 ,381374.00 
2013,美洲地區,加拿大 Canada,3119.00 ,5338.00 ,8186.00 ,7944.00 ,9899.00 ,15733.00 ,14867.00 ,65086.00 
2013,美洲地區,美洲其他 Others,1.00 ,1.00 ,27.00 ,27.00 ,39.00 ,29.00 ,11.00 ,135.00 
2013,美洲地區,美洲合計 Total,22186.00 ,24432.00 ,60604.00 ,87263.00 ,77105.00 ,85946.00 ,89059.00 ,446595.00 
2013,大洋洲地區,澳洲 Australia,3767.00 ,4908.00 ,10934.00 ,12802.00 ,10701.00 ,13590.00 ,13122.00 ,69824.00 
2013,大洋洲地區,紐西蘭 New Zealand,0.00 ,0.00 ,1.00 ,1.00 ,1.00 ,3.00 ,0.00 ,6.00 
2013,大洋洲地區,帛琉 Palau,1592.00 ,2091.00 ,6603.00 ,7985.00 ,5108.00 ,2604.00 ,1181.00 ,27164.00 
2013,大洋洲地區,大洋洲其他 Others,0.00 ,0.00 ,7.00 ,12.00 ,33.00 ,31.00 ,43.00 ,126.00 
2013,大洋洲地區,大洋洲合計 Total,5359.00 ,6999.00 ,17545.00 ,20800.00 ,15843.00 ,16228.00 ,14346.00 ,97120.00 
2013,歐洲地區,法國 France,990.00 ,1328.00 ,4667.00 ,9697.00 ,7504.00 ,5755.00 ,3059.00 ,33000.00 
2013,歐洲地區,德國 Germany,1139.00 ,1466.00 ,5388.00 ,11038.00 ,8931.00 ,8366.00 ,4794.00 ,41122.00 
2013,歐洲地區,義大利 Italy,0.00 ,0.00 ,1.00 ,26.00 ,21.00 ,14.00 ,8.00 ,70.00 
2013,歐洲地區,荷蘭 Netherlands,801.00 ,1087.00 ,3787.00 ,6062.00 ,4733.00 ,3554.00 ,2078.00 ,22102.00 
2013,歐洲地區,英國 U.K.,0.00 ,0.00 ,0.00 ,1.00 ,0.00 ,0.00 ,0.00 ,1.00 
2013,歐洲地區,瑞士 Switzerland,0.00 ,0.00 ,0.00 ,0.00 ,0.00 ,0.00 ,0.00 ,0.00 
2013,歐洲地區,奧地利 Austria,485.00 ,844.00 ,2670.00 ,5702.00 ,4462.00 ,5235.00 ,4089.00 ,23487.00 
2013,歐洲地區,歐洲其他 Others,0.00 ,0.00 ,1.00 ,6.00 ,3.00 ,3.00 ,5.00 ,18.00 
2013,歐洲地區,歐洲合計 Total,3415.00 ,4725.00 ,16514.00 ,32532.00 ,25654.00 ,22927.00 ,14033.00 ,119800.00 
2013,全區,其他 Others,0.00 ,2.00 ,86.00 ,66.00 ,74.00 ,123.00 ,91.00 ,442.00 
2013,全區,總計 Grand Total,587832.00 ,392513.00 ,1475606.00 ,2637793.00 ,2368735.00 ,2118865.00 ,1471564.00 ,11052908.00 
2014,亞洲地區,日本 Japan,217428.00 ,138599.00 ,491239.00 ,760389.00 ,525107.00 ,451443.00 ,387641.00 ,2971846.00 
2014,亞洲地區,韓國 Korea,33551.00 ,35637.00 ,148893.00 ,185206.00 ,110601.00 ,68019.00 ,44787.00 ,626694.00 
2014,亞洲地區,香港 Hong Kong,98794.00 ,61444.00 ,283264.00 ,525585.00 ,461148.00 ,371743.00 ,216151.00 ,2018129.00 
2014,亞洲地區,中國大陸 China,135106.00 ,69359.00 ,233303.00 ,621951.00 ,810127.00 ,820370.00 ,577022.00 ,3267238.00 
2014,亞洲地區,澳門 Macao,20643.00 ,13717.00 ,66528.00 ,116497.00 ,112063.00 ,99741.00 ,63999.00 ,493188.00 
2014,亞洲地區,越南 Vietnam,28536.00 ,7566.00 ,26473.00 ,85627.00 ,70392.00 ,72799.00 ,47714.00 ,339107.00 
2014,亞洲地區,泰國 Thailand,16904.00 ,14610.00 ,82569.00 ,111773.00 ,80378.00 ,67063.00 ,45836.00 ,419133.00 
2014,亞洲地區,馬來西亞 Malaysia,12251.00 ,8703.00 ,38047.00 ,46861.00 ,37988.00 ,31892.00 ,23160.00 ,198902.00 
2014,亞洲地區,新加坡 Singapore,20973.00 ,13705.00 ,55562.00 ,72426.00 ,55512.00 ,39003.00 ,26744.00 ,283925.00 
2014,亞洲地區,菲律賓 Philippines,6254.00 ,5399.00 ,30578.00 ,35082.00 ,25589.00 ,18980.00 ,11701.00 ,133583.00 
2014,亞洲地區,汶萊 Brunei,25.00 ,15.00 ,36.00 ,37.00 ,35.00 ,65.00 ,85.00 ,298.00 
2014,亞洲地區,印尼 Indonesia,10732.00 ,6647.00 ,32732.00 ,48105.00 ,32359.00 ,23816.00 ,15910.00 ,170301.00 
2014,亞洲地區,柬埔寨 Cambodia,1660.00 ,1833.00 ,7487.00 ,14220.00 ,14289.00 ,17158.00 ,12548.00 ,69195.00 
2014,亞洲地區,緬甸 Myanmar,1022.00 ,596.00 ,1562.00 ,3809.00 ,5391.00 ,5810.00 ,4627.00 ,22817.00 
2014,亞洲地區,阿拉伯聯合大公國 UAE,1215.00 ,1906.00 ,10425.00 ,15446.00 ,10036.00 ,11300.00 ,10946.00 ,61274.00 
2014,亞洲地區,土耳其 Turkey,0.00 ,0.00 ,0.00 ,0.00 ,0.00 ,0.00 ,0.00 ,0.00 
2014,亞洲地區,亞洲其他 Others,349.00 ,606.00 ,2557.00 ,6957.00 ,3592.00 ,3611.00 ,2362.00 ,20034.00 
2014,亞洲地區,亞洲合計 Total,605443.00 ,380342.00 ,1511255.00 ,2649971.00 ,2354607.00 ,2102813.00 ,1491233.00 ,11095664.00 
2014,非洲地區,南非 S. Africa,0.00 ,0.00 ,0.00 ,0.00 ,0.00 ,4.00 ,4.00 ,8.00 
2014,非洲地區,非洲其他 Others,0.00 ,0.00 ,0.00 ,4.00 ,0.00 ,1.00 ,0.00 ,5.00 
2014,非洲地區,非洲合計 Total,0.00 ,0.00 ,0.00 ,4.00 ,0.00 ,5.00 ,4.00 ,13.00 
2014,美洲地區,美國 USA,21363.00 ,20142.00 ,56405.00 ,86292.00 ,74394.00 ,77831.00 ,88711.00 ,425138.00 
2014,美洲地區,加拿大 Canada,3368.00 ,5411.00 ,8809.00 ,8528.00 ,10175.00 ,17081.00 ,16913.00 ,70285.00 
2014,美洲地區,美洲其他 Others,0.00 ,0.00 ,15.00 ,14.00 ,6.00 ,9.00 ,12.00 ,56.00 
2014,美洲地區,美洲合計 Total,24731.00 ,25553.00 ,65229.00 ,94834.00 ,84575.00 ,94921.00 ,105636.00 ,495479.00 
2014,大洋洲地區,澳洲 Australia,4910.00 ,5818.00 ,12280.00 ,16037.00 ,13720.00 ,16909.00 ,16071.00 ,85745.00 
2014,大洋洲地區,紐西蘭 New Zealand,0.00 ,0.00 ,0.00 ,0.00 ,0.00 ,0.00 ,0.00 ,0.00 
2014,大洋洲地區,帛琉 Palau,1780.00 ,2272.00 ,7527.00 ,8963.00 ,5872.00 ,2872.00 ,1185.00 ,30471.00 
2014,大洋洲地區,大洋洲其他 Others,0.00 ,0.00 ,3.00 ,19.00 ,29.00 ,35.00 ,40.00 ,126.00 
2014,大洋洲地區,大洋洲合計 Total,6690.00 ,8090.00 ,19810.00 ,25019.00 ,19621.00 ,19816.00 ,17296.00 ,116342.00 
2014,歐洲地區,法國 France,1303.00 ,1182.00 ,5738.00 ,11948.00 ,8636.00 ,6657.00 ,3662.00 ,39126.00 
2014,歐洲地區,德國 Germany,1292.00 ,1600.00 ,5726.00 ,11475.00 ,9771.00 ,8954.00 ,5433.00 ,44251.00 
2014,歐洲地區,義大利 Italy,0.00 ,0.00 ,0.00 ,0.00 ,0.00 ,0.00 ,0.00 ,0.00 
2014,歐洲地區,荷蘭 Netherlands,821.00 ,1001.00 ,3733.00 ,6498.00 ,4881.00 ,3615.00 ,2200.00 ,22749.00 
2014,歐洲地區,英國 U.K.,0.00 ,0.00 ,0.00 ,0.00 ,0.00 ,0.00 ,0.00 ,0.00 
2014,歐洲地區,瑞士 Switzerland,0.00 ,0.00 ,0.00 ,0.00 ,0.00 ,0.00 ,0.00 ,0.00 
2014,歐洲地區,奧地利 Austria,553.00 ,967.00 ,2591.00 ,5965.00 ,5069.00 ,6006.00 ,5105.00 ,26256.00 
2014,歐洲地區,歐洲其他 Others,25.00 ,55.00 ,100.00 ,143.00 ,210.00 ,301.00 ,461.00 ,1295.00 
2014,歐洲地區,歐洲合計 Total,3994.00 ,4805.00 ,17888.00 ,36029.00 ,28567.00 ,25533.00 ,16861.00 ,133677.00 
2014,全區,其他 Others,6.00 ,94.00 ,357.00 ,849.00 ,913.00 ,810.00 ,431.00 ,3460.00 
2014,全區,總計 Grand Total,640864.00 ,418884.00 ,1614539.00 ,2806706.00 ,2488283.00 ,2243898.00 ,1631461.00 ,11844635.00 
2015,亞洲地區,日本 Japan,300012.00 ,183722.00 ,634057.00 ,966968.00 ,674452.00 ,555082.00 ,483586.00 ,3797879.00 
2015,亞洲地區,韓國 Korea,24416.00 ,21925.00 ,108172.00 ,148027.00 ,92221.00 ,62018.00 ,43321.00 ,500100.00 
2015,亞洲地區,香港 Hong Kong,96528.00 ,60014.00 ,285900.00 ,504567.00 ,455877.00 ,370350.00 ,234917.00 ,2008153.00 
2015,亞洲地區,中國大陸 China,139362.00 ,73070.00 ,249473.00 ,623209.00 ,825775.00 ,856680.00 ,636351.00 ,3403920.00 
2015,亞洲地區,澳門 Macao,23566.00 ,14739.00 ,75675.00 ,125842.00 ,116691.00 ,101954.00 ,68677.00 ,527144.00 
2015,亞洲地區,越南 Vietnam,32086.00 ,12094.00 ,29998.00 ,101931.00 ,85388.00 ,87509.00 ,60007.00 ,409013.00 
2015,亞洲地區,泰國 Thailand,26618.00 ,22990.00 ,129160.00 ,159100.00 ,110838.00 ,88135.00 ,62682.00 ,599523.00 
2015,亞洲地區,馬來西亞 Malaysia,13443.00 ,9883.00 ,32973.00 ,45838.00 ,41233.00 ,33740.00 ,24521.00 ,201631.00 
2015,亞洲地區,新加坡 Singapore,24730.00 ,14997.00 ,64678.00 ,80990.00 ,60833.00 ,42091.00 ,30197.00 ,318516.00 
2015,亞洲地區,菲律賓 Philippines,8363.00 ,7100.00 ,42106.00 ,47416.00 ,33650.00 ,25351.00 ,16105.00 ,180091.00 
2015,亞洲地區,汶萊 Brunei,9.00 ,13.00 ,29.00 ,40.00 ,36.00 ,75.00 ,83.00 ,285.00 
2015,亞洲地區,印尼 Indonesia,11631.00 ,7798.00 ,32468.00 ,47971.00 ,34692.00 ,24977.00 ,16941.00 ,176478.00 
2015,亞洲地區,柬埔寨 Cambodia,1747.00 ,1666.00 ,6862.00 ,13791.00 ,14166.00 ,16552.00 ,11809.00 ,66593.00 
2015,亞洲地區,緬甸 Myanmar,963.00 ,569.00 ,1415.00 ,3559.00 ,4755.00 ,5050.00 ,3688.00 ,19999.00 
2015,亞洲地區,阿拉伯聯合大公國 UAE,1731.00 ,2350.00 ,13891.00 ,18525.00 ,12201.00 ,14461.00 ,13201.00 ,76360.00 
2015,亞洲地區,土耳其 Turkey,661.00 ,1407.00 ,5576.00 ,9971.00 ,8571.00 ,10407.00 ,10490.00 ,47083.00 
2015,亞洲地區,亞洲其他 Others,260.00 ,601.00 ,2727.00 ,6666.00 ,3871.00 ,3855.00 ,2540.00 ,20520.00 
2015,亞洲地區,亞洲合計 Total,706126.00 ,434938.00 ,1715160.00 ,2904411.00 ,2575250.00 ,2298287.00 ,1719116.00 ,12353288.00 
2015,非洲地區,南非 S. Africa,0.00 ,0.00 ,1.00 ,2.00 ,5.00 ,0.00 ,8.00 ,16.00 
2015,非洲地區,非洲其他 Others,0.00 ,0.00 ,1.00 ,0.00 ,3.00 ,2.00 ,8.00 ,14.00 
2015,非洲地區,非洲合計 Total,0.00 ,0.00 ,2.00 ,2.00 ,8.00 ,2.00 ,16.00 ,30.00 
2015,美洲地區,美國 USA,23872.00 ,22783.00 ,63626.00 ,94449.00 ,83462.00 ,86307.00 ,102657.00 ,477156.00 
2015,美洲地區,加拿大 Canada,3722.00 ,4745.00 ,9018.00 ,9284.00 ,10101.00 ,16654.00 ,17555.00 ,71079.00 
2015,美洲地區,美洲其他 Others,0.00 ,0.00 ,2.00 ,3.00 ,11.00 ,8.00 ,8.00 ,32.00 
2015,美洲地區,美洲合計 Total,27594.00 ,27528.00 ,72646.00 ,103736.00 ,93574.00 ,102969.00 ,120220.00 ,548267.00 
2015,大洋洲地區,澳洲 Australia,6081.00 ,6390.00 ,16162.00 ,19646.00 ,16558.00 ,19297.00 ,19672.00 ,103806.00 
2015,大洋洲地區,紐西蘭 New Zealand,0.00 ,0.00 ,1.00 ,1.00 ,0.00 ,0.00 ,1.00 ,3.00 
2015,大洋洲地區,帛琉 Palau,803.00 ,914.00 ,3456.00 ,4029.00 ,2862.00 ,1635.00 ,722.00 ,14421.00 
2015,大洋洲地區,大洋洲其他 Others,0.00 ,0.00 ,3.00 ,19.00 ,41.00 ,50.00 ,47.00 ,160.00 
2015,大洋洲地區,大洋洲合計 Total,6884.00 ,7304.00 ,19622.00 ,23695.00 ,19461.00 ,20982.00 ,20442.00 ,118390.00 
2015,歐洲地區,法國 France,1511.00 ,1366.00 ,6124.00 ,11800.00 ,8920.00 ,7132.00 ,4332.00 ,41185.00 
2015,歐洲地區,德國 Germany,1518.00 ,2039.00 ,6491.00 ,13427.00 ,11428.00 ,11054.00 ,7086.00 ,53043.00 
2015,歐洲地區,義大利 Italy,3.00 ,0.00 ,0.00 ,1.00 ,8.00 ,1.00 ,1.00 ,14.00 
2015,歐洲地區,荷蘭 Netherlands,1190.00 ,1287.00 ,5604.00 ,8573.00 ,6330.00 ,4885.00 ,3037.00 ,30906.00 
2015,歐洲地區,英國 U.K.,0.00 ,0.00 ,0.00 ,0.00 ,0.00 ,0.00 ,0.00 ,0.00 
2015,歐洲地區,瑞士 Switzerland,0.00 ,0.00 ,0.00 ,0.00 ,0.00 ,0.00 ,0.00 ,0.00 
2015,歐洲地區,奧地利 Austria,732.00 ,1261.00 ,3226.00 ,6835.00 ,5957.00 ,7732.00 ,7092.00 ,32835.00 
2015,歐洲地區,歐洲其他 Others,69.00 ,126.00 ,299.00 ,421.00 ,566.00 ,807.00 ,1258.00 ,3546.00 
2015,歐洲地區,歐洲合計 Total,5023.00 ,6079.00 ,21744.00 ,41057.00 ,33209.00 ,31611.00 ,22806.00 ,161529.00 
2015,全區,其他 Others,46.00 ,22.00 ,128.00 ,291.00 ,369.00 ,339.00 ,277.00 ,1472.00 
2015,全區,總計 Grand Total,745673.00 ,475871.00 ,1829302.00 ,3073192.00 ,2721871.00 ,2454190.00 ,1882877.00 ,13182976.00 
2016,亞洲地區,日本 Japan,368475.00 ,194496.00 ,739221.00 ,1076673.00 ,768012.00 ,609087.00 ,539276.00 ,4295240.00 
2016,亞洲地區,韓國 Korea,49993.00 ,51069.00 ,177825.00 ,213388.00 ,154792.00 ,95959.00 ,65394.00 ,808420.00 
2016,亞洲地區,香港 Hong Kong,106386.00 ,56703.00 ,268014.00 ,454050.00 ,438893.00 ,343990.00 ,234611.00 ,1902647.00 
2016,亞洲地區,中國大陸 China,153103.00 ,81775.00 ,286039.00 ,627033.00 ,886437.00 ,917572.00 ,733518.00 ,3685477.00 
2016,亞洲地區,澳門 Macao,36927.00 ,18486.00 ,85474.00 ,137880.00 ,133407.00 ,109429.00 ,77247.00 ,598850.00 
2016,亞洲地區,越南 Vietnam,34047.00 ,14671.00 ,34971.00 ,115778.00 ,98618.00 ,97246.00 ,70613.00 ,465944.00 
2016,亞洲地區,泰國 Thailand,26154.00 ,19863.00 ,116941.00 ,135033.00 ,101130.00 ,77986.00 ,55680.00 ,532787.00 
2016,亞洲地區,馬來西亞 Malaysia,16369.00 ,10940.00 ,43038.00 ,54055.00 ,48550.00 ,40762.00 ,31584.00 ,245298.00 
2016,亞洲地區,新加坡 Singapore,26763.00 ,15648.00 ,60136.00 ,76539.00 ,64239.00 ,43610.00 ,32980.00 ,319915.00 
2016,亞洲地區,菲律賓 Philippines,11119.00 ,9564.00 ,56554.00 ,59193.00 ,43288.00 ,31223.00 ,20860.00 ,231801.00 
2016,亞洲地區,汶萊 Brunei,7.00 ,15.00 ,58.00 ,58.00 ,101.00 ,137.00 ,164.00 ,540.00 
2016,亞洲地區,印尼 Indonesia,11138.00 ,7136.00 ,30311.00 ,44266.00 ,36001.00 ,27501.00 ,19385.00 ,175738.00 
2016,亞洲地區,柬埔寨 Cambodia,1688.00 ,1675.00 ,7418.00 ,13463.00 ,14038.00 ,16330.00 ,12669.00 ,67281.00 
2016,亞洲地區,緬甸 Myanmar,1044.00 ,640.00 ,1963.00 ,4385.00 ,5854.00 ,6367.00 ,4943.00 ,25196.00 
2016,亞洲地區,阿拉伯聯合大公國 UAE,2309.00 ,2762.00 ,16454.00 ,20242.00 ,12476.00 ,12970.00 ,11853.00 ,79066.00 
2016,亞洲地區,土耳其 Turkey,1421.00 ,1856.00 ,8794.00 ,13570.00 ,12817.00 ,15987.00 ,15119.00 ,69564.00 
2016,亞洲地區,亞洲其他 Others,308.00 ,628.00 ,4249.00 ,9799.00 ,7731.00 ,7399.00 ,5189.00 ,35303.00 
2016,亞洲地區,亞洲合計 Total,847251.00 ,487927.00 ,1937460.00 ,3055405.00 ,2826384.00 ,2453555.00 ,1931085.00 ,13539067.00 
2016,非洲地區,南非 S. Africa,0.00 ,9.00 ,154.00 ,238.00 ,282.00 ,391.00 ,323.00 ,1397.00 
2016,非洲地區,非洲其他 Others,8.00 ,24.00 ,335.00 ,786.00 ,804.00 ,935.00 ,917.00 ,3809.00 
2016,非洲地區,非洲合計 Total,8.00 ,33.00 ,489.00 ,1024.00 ,1086.00 ,1326.00 ,1240.00 ,5206.00 
2016,美洲地區,美國 USA,25610.00 ,22593.00 ,69936.00 ,99952.00 ,92493.00 ,94594.00 ,121921.00 ,527099.00 
2016,美洲地區,加拿大 Canada,4373.00 ,5447.00 ,10901.00 ,11795.00 ,13381.00 ,22377.00 ,25131.00 ,93405.00 
2016,美洲地區,美洲其他 Others,0.00 ,7.00 ,296.00 ,657.00 ,699.00 ,600.00 ,428.00 ,2687.00 
2016,美洲地區,美洲合計 Total,29983.00 ,28047.00 ,81133.00 ,112404.00 ,106573.00 ,117571.00 ,147480.00 ,623191.00 
2016,大洋洲地區,澳洲 Australia,8114.00 ,7730.00 ,23301.00 ,26036.00 ,23042.00 ,24948.00 ,26330.00 ,139501.00 
2016,大洋洲地區,紐西蘭 New Zealand,31.00 ,57.00 ,284.00 ,554.00 ,396.00 ,712.00 ,770.00 ,2804.00 
2016,大洋洲地區,帛琉 Palau,810.00 ,998.00 ,3437.00 ,3620.00 ,2845.00 ,1698.00 ,795.00 ,14203.00 
2016,大洋洲地區,大洋洲其他 Others,39.00 ,19.00 ,151.00 ,301.00 ,265.00 ,277.00 ,166.00 ,1218.00 
2016,大洋洲地區,大洋洲合計 Total,8994.00 ,8804.00 ,27173.00 ,30511.00 ,26548.00 ,27635.00 ,28061.00 ,157726.00 
2016,歐洲地區,法國 France,1506.00 ,1390.00 ,7752.00 ,12655.00 ,10193.00 ,8234.00 ,4731.00 ,46461.00 
2016,歐洲地區,德國 Germany,1726.00 ,2258.00 ,8234.00 ,16433.00 ,15047.00 ,13995.00 ,8761.00 ,66454.00 
2016,歐洲地區,義大利 Italy,23.00 ,171.00 ,1649.00 ,3942.00 ,2729.00 ,2849.00 ,1691.00 ,13054.00 
2016,歐洲地區,荷蘭 Netherlands,1192.00 ,1104.00 ,5750.00 ,8668.00 ,7054.00 ,5604.00 ,3479.00 ,32851.00 
2016,歐洲地區,英國 U.K.,0.00 ,710.00 ,3851.00 ,4139.00 ,3081.00 ,3037.00 ,1503.00 ,16321.00 
2016,歐洲地區,瑞士 Switzerland,0.00 ,131.00 ,628.00 ,1075.00 ,1227.00 ,1451.00 ,1017.00 ,5529.00 
2016,歐洲地區,奧地利 Austria,668.00 ,1342.00 ,4524.00 ,8173.00 ,7855.00 ,10711.00 ,8661.00 ,41934.00 
2016,歐洲地區,歐洲其他 Others,28.00 ,645.00 ,4695.00 ,7217.00 ,6826.00 ,8642.00 ,7430.00 ,35483.00 
2016,歐洲地區,歐洲合計 Total,5143.00 ,7751.00 ,37083.00 ,62302.00 ,54012.00 ,54523.00 ,37273.00 ,258087.00 
2016,全區,其他 Others,169.00 ,84.00 ,603.00 ,960.00 ,1079.00 ,1373.00 ,1378.00 ,5646.00 
2016,全區,總計 Grand Total,891548.00 ,532646.00 ,2083941.00 ,3262606.00 ,3015682.00 ,2655983.00 ,2146517.00 ,14588923.00 
2017,亞洲地區,日本 Japan,434076.00 ,208496.00 ,767512.00 ,1099427.00 ,841573.00 ,659627.00 ,605162.00 ,4615873.00 
2017,亞洲地區,韓國 Korea,57366.00 ,56547.00 ,200964.00 ,229224.00 ,171157.00 ,104867.00 ,68401.00 ,888526.00 
2017,亞洲地區,香港 Hong Kong,107683.00 ,53641.00 ,247259.00 ,407120.00 ,413526.00 ,316594.00 ,227429.00 ,1773252.00 
2017,亞洲地區,中國大陸 China,160878.00 ,87798.00 ,319029.00 ,645987.00 ,930830.00 ,961120.00 ,822710.00 ,3928352.00 
2017,亞洲地區,澳門 Macao,41066.00 ,17619.00 ,82152.00 ,133685.00 ,130688.00 ,106558.00 ,77379.00 ,589147.00 
2017,亞洲地區,越南 Vietnam,37564.00 ,19121.00 ,46613.00 ,136512.00 ,120448.00 ,115020.00 ,88724.00 ,564002.00 
2017,亞洲地區,泰國 Thailand,28861.00 ,20491.00 ,119105.00 ,136620.00 ,107709.00 ,80872.00 ,60146.00 ,553804.00 
2017,亞洲地區,馬來西亞 Malaysia,18529.00 ,12760.00 ,49856.00 ,62730.00 ,60783.00 ,51083.00 ,40629.00 ,296370.00 
2017,亞洲地區,新加坡 Singapore,29016.00 ,15664.00 ,60331.00 ,74700.00 ,65927.00 ,45372.00 ,35624.00 ,326634.00 
2017,亞洲地區,菲律賓 Philippines,11396.00 ,8805.00 ,61666.00 ,61389.00 ,43293.00 ,29912.00 ,20136.00 ,236597.00 
2017,亞洲地區,汶萊 Brunei,11.00 ,17.00 ,82.00 ,116.00 ,150.00 ,198.00 ,227.00 ,801.00 
2017,亞洲地區,印尼 Indonesia,11826.00 ,6899.00 ,30372.00 ,43185.00 ,36935.00 ,28219.00 ,20524.00 ,177960.00 
2017,亞洲地區,柬埔寨 Cambodia,1921.00 ,1922.00 ,10141.00 ,16586.00 ,17259.00 ,19749.00 ,15310.00 ,82888.00 
2017,亞洲地區,緬甸 Myanmar,1010.00 ,665.00 ,2236.00 ,4425.00 ,5979.00 ,6641.00 ,5244.00 ,26200.00 
2017,亞洲地區,阿拉伯聯合大公國 UAE,2878.00 ,2983.00 ,11583.00 ,14313.00 ,10576.00 ,11950.00 ,13927.00 ,68210.00 
2017,亞洲地區,土耳其 Turkey,1331.00 ,1719.00 ,5940.00 ,9886.00 ,11859.00 ,16421.00 ,16639.00 ,63795.00 
2017,亞洲地區,亞洲其他 Others,322.00 ,770.00 ,6835.00 ,14053.00 ,14261.00 ,13897.00 ,11213.00 ,61351.00 
2017,亞洲地區,亞洲合計 Total,945734.00 ,515917.00 ,2021676.00 ,3089958.00 ,2982953.00 ,2568100.00 ,2129424.00 ,14253762.00 
2017,非洲地區,南非 S. Africa,0.00 ,53.00 ,379.00 ,581.00 ,621.00 ,785.00 ,735.00 ,3154.00 
2017,非洲地區,非洲其他 Others,0.00 ,106.00 ,1185.00 ,2702.00 ,2639.00 ,3518.00 ,3436.00 ,13586.00 
2017,非洲地區,非洲合計 Total,0.00 ,159.00 ,1564.00 ,3283.00 ,3260.00 ,4303.00 ,4171.00 ,16740.00 
2017,美洲地區,美國 USA,26123.00 ,23442.00 ,78239.00 ,105474.00 ,101083.00 ,102746.00 ,137405.00 ,574512.00 
2017,美洲地區,加拿大 Canada,5655.00 ,6042.00 ,14644.00 ,15809.00 ,16617.00 ,26077.00 ,29984.00 ,114828.00 
2017,美洲地區,美洲其他 Others,0.00 ,107.00 ,934.00 ,2070.00 ,1920.00 ,1669.00 ,1321.00 ,8021.00 
2017,美洲地區,美洲合計 Total,31778.00 ,29591.00 ,93817.00 ,123353.00 ,119620.00 ,130492.00 ,168710.00 ,697361.00 
2017,大洋洲地區,澳洲 Australia,10144.00 ,8455.00 ,32853.00 ,32211.00 ,25739.00 ,26685.00 ,29851.00 ,165938.00 
2017,大洋洲地區,紐西蘭 New Zealand,0.00 ,109.00 ,816.00 ,1354.00 ,904.00 ,1694.00 ,1969.00 ,6846.00 
2017,大洋洲地區,帛琉 Palau,562.00 ,554.00 ,2153.00 ,2610.00 ,2065.00 ,1275.00 ,665.00 ,9884.00 
2017,大洋洲地區,大洋洲其他 Others,20.00 ,43.00 ,181.00 ,404.00 ,403.00 ,373.00 ,225.00 ,1649.00 
2017,大洋洲地區,大洋洲合計 Total,10726.00 ,9161.00 ,36003.00 ,36579.00 ,29111.00 ,30027.00 ,32710.00 ,184317.00 
2017,歐洲地區,法國 France,1991.00 ,1947.00 ,10970.00 ,17530.00 ,14040.00 ,12262.00 ,7980.00 ,66720.00 
2017,歐洲地區,德國 Germany,2014.00 ,3027.00 ,12236.00 ,22200.00 ,20656.00 ,20441.00 ,15276.00 ,95850.00 
2017,歐洲地區,義大利 Italy,444.00 ,981.00 ,5970.00 ,13899.00 ,9291.00 ,9648.00 ,7113.00 ,47346.00 
2017,歐洲地區,荷蘭 Netherlands,2641.00 ,2497.00 ,10190.00 ,16550.00 ,13776.00 ,12021.00 ,8657.00 ,66332.00 
2017,歐洲地區,英國 U.K.,82.00 ,1785.00 ,10566.00 ,12101.00 ,8897.00 ,8961.00 ,5405.00 ,47797.00 
2017,歐洲地區,瑞士 Switzerland,0.00 ,300.00 ,1461.00 ,2811.00 ,2853.00 ,4370.00 ,3668.00 ,15463.00 
2017,歐洲地區,奧地利 Austria,820.00 ,1539.00 ,6421.00 ,11352.00 ,10791.00 ,15431.00 ,13125.00 ,59479.00 
2017,歐洲地區,歐洲其他 Others,61.00 ,1356.00 ,10150.00 ,18680.00 ,18086.00 ,25220.00 ,23989.00 ,97542.00 
2017,歐洲地區,歐洲合計 Total,8053.00 ,13432.00 ,67964.00 ,115123.00 ,98390.00 ,108354.00 ,85213.00 ,496529.00 
2017,全區,其他 Others,312.00 ,144.00 ,509.00 ,898.00 ,1206.00 ,1422.00 ,1379.00 ,5870.00 
2017,全區,總計 Grand Total,996603.00 ,568404.00 ,2221533.00 ,3369194.00 ,3234540.00 ,2842698.00 ,2421607.00 ,15654579.00 
2018,亞洲地區,日本 Japan,476705.00 ,219008.00 ,793350.00 ,1127191.00 ,898182.00 ,682929.00 ,628583.00 ,4825948.00 
2018,亞洲地區,韓國 Korea,74929.00 ,69778.00 ,232447.00 ,265617.00 ,213605.00 ,135055.00 ,95085.00 ,1086516.00 
2018,亞洲地區,香港 Hong Kong,99550.00 ,50343.00 ,236144.00 ,383332.00 ,401901.00 ,301650.00 ,223345.00 ,1696265.00 
2018,亞洲地區,中國大陸 China,169067.00 ,102930.00 ,352375.00 ,657740.00 ,968585.00 ,1010930.00 ,911077.00 ,4172704.00 
2018,亞洲地區,澳門 Macao,45434.00 ,18333.00 ,82371.00 ,133945.00 ,134288.00 ,108360.00 ,82737.00 ,605468.00 
2018,亞洲地區,越南 Vietnam,40332.00 ,22176.00 ,59077.00 ,155283.00 ,143180.00 ,131687.00 ,107388.00 ,659123.00 
2018,亞洲地區,泰國 Thailand,35952.00 ,24735.00 ,144771.00 ,166881.00 ,131291.00 ,99134.00 ,76381.00 ,679145.00 
2018,亞洲地區,馬來西亞 Malaysia,21234.00 ,14138.00 ,52906.00 ,65184.00 ,64365.00 ,54336.00 ,44763.00 ,316926.00 
2018,亞洲地區,新加坡 Singapore,32231.00 ,17071.00 ,63690.00 ,79203.00 ,71809.00 ,49658.00 ,41005.00 ,354667.00 
2018,亞洲地區,菲律賓 Philippines,11785.00 ,9800.00 ,61073.00 ,61593.00 ,44973.00 ,32460.00 ,25007.00 ,246691.00 
2018,亞洲地區,汶萊 Brunei,15.00 ,9.00 ,84.00 ,114.00 ,174.00 ,298.00 ,399.00 ,1093.00 
2018,亞洲地區,印尼 Indonesia,10912.00 ,6808.00 ,28527.00 ,39958.00 ,35491.00 ,27860.00 ,20457.00 ,170013.00 
2018,亞洲地區,柬埔寨 Cambodia,2122.00 ,2189.00 ,11997.00 ,18093.00 ,19383.00 ,21879.00 ,17650.00 ,93313.00 
2018,亞洲地區,緬甸 Myanmar,960.00 ,629.00 ,2128.00 ,4110.00 ,5527.00 ,6392.00 ,5355.00 ,25101.00 
2018,亞洲地區,阿拉伯聯合大公國 UAE,2596.00 ,2774.00 ,10918.00 ,15743.00 ,13389.00 ,17506.00 ,20232.00 ,83158.00 
2018,亞洲地區,土耳其 Turkey,1418.00 ,2237.00 ,7826.00 ,13481.00 ,15255.00 ,21995.00 ,21721.00 ,83933.00 
2018,亞洲地區,亞洲其他 Others,122.00 ,825.00 ,5955.00 ,11928.00 ,11931.00 ,11754.00 ,9968.00 ,52483.00 
2018,亞洲地區,亞洲合計 Total,1025364.00 ,563783.00 ,2145639.00 ,3199396.00 ,3173329.00 ,2713883.00 ,2331153.00 ,15152547.00 
2018,非洲地區,南非 S. Africa,0.00 ,65.00 ,334.00 ,574.00 ,520.00 ,696.00 ,778.00 ,2967.00 
2018,非洲地區,非洲其他 Others,0.00 ,207.00 ,1273.00 ,2657.00 ,2605.00 ,3396.00 ,3544.00 ,13682.00 
2018,非洲地區,非洲合計 Total,0.00 ,272.00 ,1607.00 ,3231.00 ,3125.00 ,4092.00 ,4322.00 ,16649.00 
2018,美洲地區,美國 USA,26787.00 ,23222.00 ,75379.00 ,101913.00 ,102093.00 ,100146.00 ,139640.00 ,569180.00 
2018,美洲地區,加拿大 Canada,6963.00 ,7265.00 ,17363.00 ,18655.00 ,19687.00 ,28713.00 ,35111.00 ,133757.00 
2018,美洲地區,美洲其他 Others,0.00 ,152.00 ,762.00 ,1744.00 ,1761.00 ,1478.00 ,1205.00 ,7102.00 
2018,美洲地區,美洲合計 Total,33750.00 ,30639.00 ,93504.00 ,122312.00 ,123541.00 ,130337.00 ,175956.00 ,710039.00 
2018,大洋洲地區,澳洲 Australia,12513.00 ,10581.00 ,36641.00 ,35918.00 ,30855.00 ,29988.00 ,33667.00 ,190163.00 
2018,大洋洲地區,紐西蘭 New Zealand,227.00 ,489.00 ,2297.00 ,3479.00 ,2590.00 ,5093.00 ,6726.00 ,20901.00 
2018,大洋洲地區,帛琉 Palau,641.00 ,760.00 ,2299.00 ,2753.00 ,2549.00 ,1664.00 ,858.00 ,11524.00 
2018,大洋洲地區,大洋洲其他 Others,2.00 ,28.00 ,202.00 ,430.00 ,430.00 ,399.00 ,195.00 ,1686.00 
2018,大洋洲地區,大洋洲合計 Total,13383.00 ,11858.00 ,41439.00 ,42580.00 ,36424.00 ,37144.00 ,41446.00 ,224274.00 
2018,歐洲地區,法國 France,2644.00 ,2612.00 ,12388.00 ,19935.00 ,17188.00 ,15831.00 ,11216.00 ,81814.00 
2018,歐洲地區,德國 Germany,1838.00 ,2811.00 ,12049.00 ,20729.00 ,19364.00 ,19336.00 ,14223.00 ,90350.00 
2018,歐洲地區,義大利 Italy,535.00 ,1077.00 ,6034.00 ,12165.00 ,8413.00 ,9650.00 ,7066.00 ,44940.00 
2018,歐洲地區,荷蘭 Netherlands,2389.00 ,2177.00 ,9502.00 ,15768.00 ,12955.00 ,11821.00 ,9295.00 ,63907.00 
2018,歐洲地區,英國 U.K.,2028.00 ,3585.00 ,14266.00 ,15680.00 ,12684.00 ,12188.00 ,8780.00 ,69211.00 
2018,歐洲地區,瑞士 Switzerland,0.00 ,306.00 ,1636.00 ,2509.00 ,2716.00 ,4215.00 ,3955.00 ,15337.00 
2018,歐洲地區,奧地利 Austria,2070.00 ,2809.00 ,9233.00 ,16157.00 ,16391.00 ,23410.00 ,20961.00 ,91031.00 
2018,歐洲地區,歐洲其他 Others,4.00 ,1342.00 ,9175.00 ,15364.00 ,14674.00 ,20538.00 ,20090.00 ,81187.00 
2018,歐洲地區,歐洲合計 Total,11508.00 ,16719.00 ,74283.00 ,118307.00 ,104385.00 ,116989.00 ,95586.00 ,537777.00 
2018,全區,其他 Others,11.00 ,85.00 ,427.00 ,546.00 ,696.00 ,897.00 ,736.00 ,3398.00 
2018,全區,總計 Grand Total,1084016.00 ,623356.00 ,2356899.00 ,3486372.00 ,3441500.00 ,3003342.00 ,2649199.00 ,16644684.00 
2019,亞洲地區,日本 Japan,489566.00 ,212074.00 ,803116.00 ,1113194.00 ,927888.00 ,700350.00 ,665493.00 ,4911681.00 
2019,亞洲地區,韓國 Korea,84196.00 ,73860.00 ,253381.00 ,278486.00 ,242561.00 ,157377.00 ,119201.00 ,1209062.00 
2019,亞洲地區,香港 Hong Kong,84284.00 ,47809.00 ,212562.00 ,357261.00 ,400826.00 ,317894.00 ,255738.00 ,1676374.00 
2019,亞洲地區,中國大陸 China,167340.00 ,100685.00 ,335963.00 ,594461.00 ,917241.00 ,980226.00 ,947770.00 ,4043686.00 
2019,亞洲地區,澳門 Macao,44509.00 ,17422.00 ,77420.00 ,121608.00 ,134414.00 ,111912.00 ,89436.00 ,596721.00 
2019,亞洲地區,越南 Vietnam,47179.00 ,27670.00 ,81388.00 ,186313.00 ,187712.00 ,169913.00 ,153082.00 ,853257.00 
2019,亞洲地區,泰國 Thailand,44159.00 ,30597.00 ,165349.00 ,193615.00 ,162912.00 ,129109.00 ,104425.00 ,830166.00 
2019,亞洲地區,馬來西亞 Malaysia,20383.00 ,14146.00 ,49089.00 ,59496.00 ,61501.00 ,51354.00 ,43990.00 ,299959.00 
2019,亞洲地區,新加坡 Singapore,33096.00 ,17876.00 ,67620.00 ,83677.00 ,77913.00 ,57310.00 ,49993.00 ,387485.00 
2019,亞洲地區,菲律賓 Philippines,17205.00 ,13696.00 ,89524.00 ,83578.00 ,59128.00 ,39657.00 ,29004.00 ,331792.00 
2019,亞洲地區,汶萊 Brunei,251.00 ,226.00 ,562.00 ,649.00 ,874.00 ,1215.00 ,2540.00 ,6317.00 
2019,亞洲地區,印尼 Indonesia,10873.00 ,5670.00 ,27372.00 ,36598.00 ,32824.00 ,23797.00 ,18926.00 ,156060.00 
2019,亞洲地區,柬埔寨 Cambodia,2417.00 ,2441.00 ,11082.00 ,17016.00 ,19067.00 ,20465.00 ,17487.00 ,89975.00 
2019,亞洲地區,緬甸 Myanmar,1088.00 ,562.00 ,1941.00 ,3764.00 ,5227.00 ,6267.00 ,6222.00 ,25071.00 
2019,亞洲地區,阿拉伯聯合大公國 UAE,3166.00 ,4319.00 ,18797.00 ,26166.00 ,22630.00 ,29613.00 ,31912.00 ,136603.00 
2019,亞洲地區,土耳其 Turkey,1339.00 ,1910.00 ,8316.00 ,14053.00 ,15531.00 ,22687.00 ,23332.00 ,87168.00 
2019,亞洲地區,亞洲其他 Others,128.00 ,1599.00 ,21525.00 ,27123.00 ,23154.00 ,23138.00 ,19429.00 ,116096.00 
2019,亞洲地區,亞洲合計 Total,1051179.00 ,572562.00 ,2225007.00 ,3197058.00 ,3291403.00 ,2842284.00 ,2577980.00 ,15757473.00 
2019,非洲地區,南非 S. Africa,0.00 ,1.00 ,2.00 ,1.00 ,4.00 ,2.00 ,3.00 ,13.00 
2019,非洲地區,非洲其他 Others,0.00 ,0.00 ,1.00 ,3.00 ,3.00 ,1.00 ,6.00 ,14.00 
2019,非洲地區,非洲合計 Total,0.00 ,1.00 ,3.00 ,4.00 ,7.00 ,3.00 ,9.00 ,27.00 
2019,美洲地區,美國 USA,28213.00 ,22067.00 ,70041.00 ,94947.00 ,100620.00 ,97055.00 ,138035.00 ,550978.00 
2019,美洲地區,加拿大 Canada,6745.00 ,6646.00 ,16436.00 ,17157.00 ,18240.00 ,26196.00 ,34054.00 ,125474.00 
2019,美洲地區,美洲其他 Others,0.00 ,0.00 ,16.00 ,15.00 ,11.00 ,10.00 ,16.00 ,68.00 
2019,美洲地區,美洲合計 Total,34958.00 ,28713.00 ,86493.00 ,112119.00 ,118871.00 ,123261.00 ,172105.00 ,676520.00 
2019,大洋洲地區,澳洲 Australia,12705.00 ,9480.00 ,33253.00 ,32863.00 ,29750.00 ,28809.00 ,33188.00 ,180048.00 
2019,大洋洲地區,紐西蘭 New Zealand,1901.00 ,1220.00 ,3788.00 ,5971.00 ,4559.00 ,6450.00 ,8568.00 ,32457.00 
2019,大洋洲地區,帛琉 Palau,911.00 ,817.00 ,3335.00 ,3991.00 ,3285.00 ,2013.00 ,1159.00 ,15511.00 
2019,大洋洲地區,大洋洲其他 Others,0.00 ,1.00 ,14.00 ,20.00 ,33.00 ,24.00 ,27.00 ,119.00 
2019,大洋洲地區,大洋洲合計 Total,15517.00 ,11518.00 ,40390.00 ,42845.00 ,37627.00 ,37296.00 ,42942.00 ,228135.00 
2019,歐洲地區,法國 France,2380.00 ,2341.00 ,11230.00 ,16999.00 ,16089.00 ,15025.00 ,11578.00 ,75642.00 
2019,歐洲地區,德國 Germany,1946.00 ,2402.00 ,9005.00 ,14461.00 ,14625.00 ,14922.00 ,11660.00 ,69021.00 
2019,歐洲地區,義大利 Italy,698.00 ,854.00 ,3706.00 ,6957.00 ,5121.00 ,5802.00 ,4579.00 ,27717.00 
2019,歐洲地區,荷蘭 Netherlands,2596.00 ,2101.00 ,9276.00 ,14377.00 ,12741.00 ,12015.00 ,10228.00 ,63334.00 
2019,歐洲地區,英國 U.K.,1916.00 ,1879.00 ,7355.00 ,8042.00 ,7118.00 ,6928.00 ,4754.00 ,37992.00 
2019,歐洲地區,瑞士 Switzerland,0.00 ,2.00 ,0.00 ,0.00 ,2.00 ,0.00 ,2.00 ,6.00 
2019,歐洲地區,奧地利 Austria,1945.00 ,2313.00 ,8311.00 ,13494.00 ,14795.00 ,20650.00 ,20029.00 ,81537.00 
2019,歐洲地區,歐洲其他 Others,103.00 ,228.00 ,472.00 ,677.00 ,1152.00 ,2040.00 ,3662.00 ,8334.00 
2019,歐洲地區,歐洲合計 Total,11584.00 ,12120.00 ,49355.00 ,75007.00 ,71643.00 ,77382.00 ,66492.00 ,363583.00 
2019,全區,其他 Others,3774.00 ,2108.00 ,6223.00 ,9200.00 ,15255.00 ,19258.00 ,19779.00 ,75597.00 
2019,全區,總計 Grand Total,1117012.00 ,627022.00 ,2407471.00 ,3436233.00 ,3534806.00 ,3099484.00 ,2879307.00 ,17101335.00 
2020,亞洲地區,日本 Japan,79494.00 ,43414.00 ,123763.00 ,146965.00 ,144894.00 ,89300.00 ,70151.00 ,697981.00 
2020,亞洲地區,韓國 Korea,17371.00 ,14391.00 ,34976.00 ,31788.00 ,35201.00 ,18818.00 ,11408.00 ,163953.00 
2020,亞洲地區,香港 Hong Kong,10082.00 ,6107.00 ,20143.00 ,31794.00 ,37701.00 ,29808.00 ,22373.00 ,158008.00 
2020,亞洲地區,中國大陸 China,30312.00 ,17837.00 ,40969.00 ,68385.00 ,105869.00 ,90437.00 ,60825.00 ,414634.00 
2020,亞洲地區,澳門 Macao,4126.00 ,2049.00 ,7067.00 ,10400.00 ,11893.00 ,10652.00 ,8350.00 ,54537.00 
2020,亞洲地區,越南 Vietnam,12008.00 ,8261.00 ,16667.00 ,34579.00 ,35627.00 ,28205.00 ,22939.00 ,158286.00 
2020,亞洲地區,泰國 Thailand,9731.00 ,6458.00 ,25385.00 ,26296.00 ,25528.00 ,18783.00 ,15512.00 ,127693.00 
2020,亞洲地區,馬來西亞 Malaysia,4313.00 ,2546.00 ,8376.00 ,9329.00 ,9900.00 ,8362.00 ,7087.00 ,49913.00 
2020,亞洲地區,新加坡 Singapore,6539.00 ,3291.00 ,12182.00 ,13554.00 ,12798.00 ,9211.00 ,8099.00 ,65674.00 
2020,亞洲地區,菲律賓 Philippines,3353.00 ,2433.00 ,12109.00 ,11309.00 ,8930.00 ,6449.00 ,4510.00 ,49093.00 
2020,亞洲地區,汶萊 Brunei,73.00 ,87.00 ,171.00 ,187.00 ,236.00 ,300.00 ,540.00 ,1594.00 
2020,亞洲地區,印尼 Indonesia,2653.00 ,1557.00 ,4194.00 ,6596.00 ,6926.00 ,4581.00 ,3730.00 ,30237.00 
2020,亞洲地區,柬埔寨 Cambodia,480.00 ,513.00 ,2507.00 ,3344.00 ,3328.00 ,3315.00 ,2670.00 ,16157.00 
2020,亞洲地區,緬甸 Myanmar,344.00 ,141.00 ,473.00 ,924.00 ,1095.00 ,1209.00 ,1188.00 ,5374.00 
2020,亞洲地區,阿拉伯聯合大公國 UAE,764.00 ,852.00 ,5684.00 ,5667.00 ,4416.00 ,4939.00 ,4479.00 ,26801.00 
2020,亞洲地區,土耳其 Turkey,352.00 ,415.00 ,2854.00 ,3217.00 ,2820.00 ,3143.00 ,2861.00 ,15662.00 
2020,亞洲地區,亞洲其他 Others,40.00 ,49.00 ,299.00 ,450.00 ,593.00 ,692.00 ,802.00 ,2925.00 
2020,亞洲地區,亞洲合計 Total,182035.00 ,110401.00 ,317819.00 ,404784.00 ,447755.00 ,328204.00 ,247524.00 ,2038522.00 
2020,非洲地區,南非 S. Africa,0.00 ,0.00 ,1.00 ,0.00 ,1.00 ,0.00 ,0.00 ,2.00 
2020,非洲地區,非洲其他 Others,2.00 ,0.00 ,4.00 ,7.00 ,3.00 ,2.00 ,3.00 ,21.00 
2020,非洲地區,非洲合計 Total,2.00 ,0.00 ,5.00 ,7.00 ,4.00 ,2.00 ,3.00 ,23.00 
2020,美洲地區,美國 USA,6695.00 ,5589.00 ,23830.00 ,24338.00 ,22552.00 ,22370.00 ,38601.00 ,143975.00 
2020,美洲地區,加拿大 Canada,1539.00 ,1781.00 ,5058.00 ,4524.00 ,4351.00 ,5650.00 ,8853.00 ,31756.00 
2020,美洲地區,美洲其他 Others,0.00 ,0.00 ,2.00 ,0.00 ,1.00 ,1.00 ,1.00 ,5.00 
2020,美洲地區,美洲合計 Total,8234.00 ,7370.00 ,28890.00 ,28862.00 ,26904.00 ,28021.00 ,47455.00 ,175736.00 
2020,大洋洲地區,澳洲 Australia,3772.00 ,2214.00 ,8668.00 ,7796.00 ,6094.00 ,4979.00 ,6601.00 ,40124.00 
2020,大洋洲地區,紐西蘭 New Zealand,870.00 ,460.00 ,1250.00 ,1861.00 ,1378.00 ,1535.00 ,2314.00 ,9668.00 
2020,大洋洲地區,帛琉 Palau,203.00 ,145.00 ,481.00 ,603.00 ,617.00 ,390.00 ,189.00 ,2628.00 
2020,大洋洲地區,大洋洲其他 Others,1.00 ,1.00 ,2.00 ,13.00 ,13.00 ,20.00 ,18.00 ,68.00 
2020,大洋洲地區,大洋洲合計 Total,4846.00 ,2820.00 ,10401.00 ,10273.00 ,8102.00 ,6924.00 ,9122.00 ,52488.00 
2020,歐洲地區,法國 France,556.00 ,542.00 ,2699.00 ,3074.00 ,2542.00 ,2164.00 ,1224.00 ,12801.00 
2020,歐洲地區,德國 Germany,442.00 ,465.00 ,3376.00 ,3018.00 ,2182.00 ,1828.00 ,1017.00 ,12328.00 
2020,歐洲地區,義大利 Italy,118.00 ,116.00 ,385.00 ,568.00 ,513.00 ,488.00 ,317.00 ,2505.00 
2020,歐洲地區,荷蘭 Netherlands,532.00 ,422.00 ,2734.00 ,2890.00 ,2055.00 ,1709.00 ,1021.00 ,11363.00 
2020,歐洲地區,英國 U.K.,448.00 ,697.00 ,3246.00 ,1926.00 ,1283.00 ,1108.00 ,632.00 ,9340.00 
2020,歐洲地區,瑞士 Switzerland,0.00 ,2.00 ,7.00 ,5.00 ,3.00 ,2.00 ,0.00 ,19.00 
2020,歐洲地區,奧地利 Austria,306.00 ,450.00 ,1833.00 ,2181.00 ,2111.00 ,2485.00 ,1571.00 ,10937.00 
2020,歐洲地區,歐洲其他 Others,2.00 ,42.00 ,369.00 ,47.00 ,12.00 ,6.00 ,2.00 ,480.00 
2020,歐洲地區,歐洲合計 Total,2404.00 ,2736.00 ,14649.00 ,13709.00 ,10701.00 ,9790.00 ,5784.00 ,59773.00 
2020,全區,其他 Others,881.00 ,686.00 ,970.00 ,1030.00 ,1839.00 ,1769.00 ,1847.00 ,9022.00 
2020,全區,總計 Grand Total,198402.00 ,124013.00 ,372734.00 ,458665.00 ,495305.00 ,374710.00 ,311735.00 ,2335564.00 
2021,亞洲地區,日本 Japan,1299.00 ,431.00 ,2863.00 ,3263.00 ,2047.00 ,1843.00 ,2303.00 ,14049.00 
2021,亞洲地區,韓國 Korea,636.00 ,333.00 ,2399.00 ,1680.00 ,1111.00 ,951.00 ,1159.00 ,8269.00 
2021,亞洲地區,香港 Hong Kong,772.00 ,389.00 ,2042.00 ,2787.00 ,2550.00 ,2122.00 ,2030.00 ,12692.00 
2021,亞洲地區,中國大陸 China,6484.00 ,2181.00 ,12802.00 ,21866.00 ,36038.00 ,31493.00 ,17773.00 ,128637.00 
2021,亞洲地區,澳門 Macao,435.00 ,138.00 ,1039.00 ,2033.00 ,2930.00 ,2936.00 ,1957.00 ,11468.00 
2021,亞洲地區,越南 Vietnam,366.00 ,52.00 ,1099.00 ,3170.00 ,3234.00 ,2275.00 ,927.00 ,11123.00 
2021,亞洲地區,泰國 Thailand,486.00 ,200.00 ,1685.00 ,2004.00 ,1696.00 ,1101.00 ,804.00 ,7976.00 
2021,亞洲地區,馬來西亞 Malaysia,102.00 ,51.00 ,139.00 ,249.00 ,344.00 ,298.00 ,190.00 ,1373.00 
2021,亞洲地區,新加坡 Singapore,790.00 ,702.00 ,4277.00 ,3242.00 ,1995.00 ,1485.00 ,1165.00 ,13656.00 
2021,亞洲地區,菲律賓 Philippines,80.00 ,42.00 ,327.00 ,584.00 ,485.00 ,350.00 ,231.00 ,2099.00 
2021,亞洲地區,汶萊 Brunei,0.00 ,0.00 ,11.00 ,20.00 ,7.00 ,5.00 ,6.00 ,49.00 
2021,亞洲地區,印尼 Indonesia,58.00 ,46.00 ,179.00 ,549.00 ,579.00 ,426.00 ,340.00 ,2177.00 
2021,亞洲地區,柬埔寨 Cambodia,40.00 ,52.00 ,1164.00 ,953.00 ,517.00 ,340.00 ,228.00 ,3294.00 
2021,亞洲地區,緬甸 Myanmar,4.00 ,5.00 ,59.00 ,87.00 ,48.00 ,60.00 ,34.00 ,297.00 
2021,亞洲地區,阿拉伯聯合大公國 UAE,267.00 ,221.00 ,2944.00 ,1973.00 ,1144.00 ,758.00 ,608.00 ,7915.00 
2021,亞洲地區,土耳其 Turkey,358.00 ,255.00 ,2538.00 ,2042.00 ,1045.00 ,658.00 ,490.00 ,7386.00 
2021,亞洲地區,亞洲其他 Others,8.00 ,7.00 ,65.00 ,53.00 ,71.00 ,41.00 ,31.00 ,276.00 
2021,亞洲地區,亞洲合計 Total,12185.00 ,5105.00 ,35632.00 ,46555.00 ,55841.00 ,47142.00 ,30276.00 ,232736.00 
2021,非洲地區,南非 S. Africa,1.00 ,2.00 ,4.00 ,2.00 ,5.00 ,4.00 ,1.00 ,19.00 
2021,非洲地區,非洲其他 Others,7.00 ,0.00 ,5.00 ,10.00 ,7.00 ,11.00 ,6.00 ,46.00 
2021,非洲地區,非洲合計 Total,8.00 ,2.00 ,9.00 ,12.00 ,12.00 ,15.00 ,7.00 ,65.00 
2021,美洲地區,美國 USA,6123.00 ,5708.00 ,20569.00 ,14949.00 ,13662.00 ,15667.00 ,27217.00 ,103895.00 
2021,美洲地區,加拿大 Canada,531.00 ,737.00 ,2013.00 ,1165.00 ,990.00 ,1627.00 ,3306.00 ,10369.00 
2021,美洲地區,美洲其他 Others,6.00 ,2.00 ,16.00 ,12.00 ,9.00 ,9.00 ,21.00 ,75.00 
2021,美洲地區,美洲合計 Total,6660.00 ,6447.00 ,22598.00 ,16126.00 ,14661.00 ,17303.00 ,30544.00 ,114339.00 
2021,大洋洲地區,澳洲 Australia,176.00 ,69.00 ,200.00 ,325.00 ,263.00 ,227.00 ,369.00 ,1629.00 
2021,大洋洲地區,紐西蘭 New Zealand,43.00 ,15.00 ,30.00 ,70.00 ,64.00 ,54.00 ,219.00 ,495.00 
2021,大洋洲地區,帛琉 Palau,49.00 ,60.00 ,543.00 ,702.00 ,586.00 ,473.00 ,208.00 ,2621.00 
2021,大洋洲地區,大洋洲其他 Others,0.00 ,0.00 ,5.00 ,9.00 ,12.00 ,33.00 ,29.00 ,88.00 
2021,大洋洲地區,大洋洲合計 Total,268.00 ,144.00 ,778.00 ,1106.00 ,925.00 ,787.00 ,825.00 ,4833.00 
2021,歐洲地區,法國 France,149.00 ,59.00 ,526.00 ,404.00 ,305.00 ,212.00 ,137.00 ,1792.00 
2021,歐洲地區,德國 Germany,166.00 ,127.00 ,977.00 ,567.00 ,390.00 ,273.00 ,132.00 ,2632.00 
2021,歐洲地區,義大利 Italy,0.00 ,2.00 ,8.00 ,7.00 ,5.00 ,1.00 ,1.00 ,24.00 
2021,歐洲地區,荷蘭 Netherlands,68.00 ,62.00 ,356.00 ,262.00 ,128.00 ,75.00 ,45.00 ,996.00 
2021,歐洲地區,英國 U.K.,69.00 ,68.00 ,370.00 ,219.00 ,102.00 ,60.00 ,61.00 ,949.00 
2021,歐洲地區,瑞士 Switzerland,3.00 ,6.00 ,19.00 ,8.00 ,5.00 ,5.00 ,7.00 ,53.00 
2021,歐洲地區,奧地利 Austria,17.00 ,14.00 ,121.00 ,42.00 ,38.00 ,43.00 ,25.00 ,300.00 
2021,歐洲地區,歐洲其他 Others,30.00 ,41.00 ,207.00 ,69.00 ,26.00 ,15.00 ,5.00 ,393.00 
2021,歐洲地區,歐洲合計 Total,502.00 ,379.00 ,2584.00 ,1578.00 ,999.00 ,684.00 ,413.00 ,7139.00 
2021,全區,其他 Others,2.00 ,4.00 ,166.00 ,209.00 ,163.00 ,157.00 ,164.00 ,865.00 
2021,全區,總計 Grand Total,19625.00 ,12081.00 ,61767.00 ,65586.00 ,72601.00 ,66088.00 ,62229.00 ,359977.00 
2022,亞洲地區,日本 Japan,23002.00 ,6623.00 ,63337.00 ,97443.00 ,67273.00 ,51571.00 ,44970.00 ,354219.00 
2022,亞洲地區,韓國 Korea,3153.00 ,1994.00 ,20187.00 ,22787.00 ,14834.00 ,9152.00 ,6211.00 ,78318.00 
2022,亞洲地區,香港 Hong Kong,3261.00 ,1109.00 ,7612.00 ,11746.00 ,10655.00 ,8890.00 ,9452.00 ,52725.00 
2022,亞洲地區,中國大陸 China,8465.00 ,3703.00 ,13895.00 ,25761.00 ,45842.00 ,42414.00 ,25815.00 ,165895.00 
2022,亞洲地區,澳門 Macao,462.00 ,92.00 ,680.00 ,1484.00 ,1679.00 ,1652.00 ,1507.00 ,7556.00 
2022,亞洲地區,越南 Vietnam,12917.00 ,3980.00 ,9375.00 ,29577.00 ,41046.00 ,21654.00 ,14654.00 ,133203.00 
2022,亞洲地區,泰國 Thailand,4382.00 ,2461.00 ,17560.00 ,27230.00 ,22268.00 ,16960.00 ,14031.00 ,104892.00 
2022,亞洲地區,馬來西亞 Malaysia,1264.00 ,676.00 ,3814.00 ,5764.00 ,6451.00 ,6278.00 ,5662.00 ,29909.00 
2022,亞洲地區,新加坡 Singapore,4337.00 ,1980.00 ,15887.00 ,19998.00 ,15794.00 ,11407.00 ,9558.00 ,78961.00 
2022,亞洲地區,菲律賓 Philippines,1309.00 ,593.00 ,5084.00 ,8035.00 ,5823.00 ,4390.00 ,3793.00 ,29027.00 
2022,亞洲地區,汶萊 Brunei,0.00 ,0.00 ,9.00 ,13.00 ,9.00 ,2.00 ,3.00 ,36.00 
2022,亞洲地區,印尼 Indonesia,1133.00 ,482.00 ,2042.00 ,4310.00 ,5619.00 ,3829.00 ,3378.00 ,20793.00 
2022,亞洲地區,柬埔寨 Cambodia,330.00 ,345.00 ,4865.00 ,4310.00 ,3305.00 ,2220.00 ,2096.00 ,17471.00 
2022,亞洲地區,緬甸 Myanmar,110.00 ,38.00 ,331.00 ,472.00 ,559.00 ,567.00 ,604.00 ,2681.00 
2022,亞洲地區,阿拉伯聯合大公國 UAE,1373.00 ,1118.00 ,8424.00 ,7626.00 ,5022.00 ,4655.00 ,3666.00 ,31884.00 
2022,亞洲地區,土耳其 Turkey,1164.00 ,1147.00 ,6095.00 ,6973.00 ,5554.00 ,4709.00 ,3944.00 ,29586.00 
2022,亞洲地區,亞洲其他 Others,28.00 ,18.00 ,161.00 ,121.00 ,152.00 ,127.00 ,99.00 ,706.00 
2022,亞洲地區,亞洲合計 Total,66690.00 ,26359.00 ,179358.00 ,273650.00 ,251885.00 ,190477.00 ,149443.00 ,1137862.00 
2022,非洲地區,南非 S. Africa,7.00 ,9.00 ,3.00 ,14.00 ,9.00 ,5.00 ,12.00 ,59.00 
2022,非洲地區,非洲其他 Others,7.00 ,8.00 ,25.00 ,30.00 ,29.00 ,30.00 ,17.00 ,146.00 
2022,非洲地區,非洲合計 Total,14.00 ,17.00 ,28.00 ,44.00 ,38.00 ,35.00 ,29.00 ,205.00 
2022,美洲地區,美國 USA,10978.00 ,9141.00 ,29343.00 ,32327.00 ,34487.00 ,36822.00 ,62986.00 ,216084.00 
2022,美洲地區,加拿大 Canada,1898.00 ,2000.00 ,4821.00 ,4472.00 ,4433.00 ,6024.00 ,10634.00 ,34282.00 
2022,美洲地區,美洲其他 Others,7.00 ,5.00 ,20.00 ,23.00 ,23.00 ,23.00 ,35.00 ,136.00 
2022,美洲地區,美洲合計 Total,12883.00 ,11146.00 ,34184.00 ,36822.00 ,38943.00 ,42869.00 ,73655.00 ,250502.00 
2022,大洋洲地區,澳洲 Australia,1512.00 ,954.00 ,6061.00 ,5395.00 ,3629.00 ,3608.00 ,6003.00 ,27162.00 
2022,大洋洲地區,紐西蘭 New Zealand,394.00 ,175.00 ,739.00 ,1137.00 ,859.00 ,922.00 ,2532.00 ,6758.00 
2022,大洋洲地區,帛琉 Palau,51.00 ,46.00 ,206.00 ,376.00 ,374.00 ,274.00 ,208.00 ,1535.00 
2022,大洋洲地區,大洋洲其他 Others,1.00 ,1.00 ,13.00 ,21.00 ,28.00 ,28.00 ,35.00 ,127.00 
2022,大洋洲地區,大洋洲合計 Total,1958.00 ,1176.00 ,7019.00 ,6929.00 ,4890.00 ,4832.00 ,8778.00 ,35582.00 
2022,歐洲地區,法國 France,591.00 ,472.00 ,2110.00 ,3210.00 ,2627.00 ,2310.00 ,1395.00 ,12715.00 
2022,歐洲地區,德國 Germany,600.00 ,443.00 ,3152.00 ,4269.00 ,4220.00 ,3372.00 ,2012.00 ,18068.00 
2022,歐洲地區,義大利 Italy,48.00 ,39.00 ,390.00 ,743.00 ,563.00 ,761.00 ,639.00 ,3183.00 
2022,歐洲地區,荷蘭 Netherlands,423.00 ,324.00 ,1714.00 ,2070.00 ,1714.00 ,1203.00 ,772.00 ,8220.00 
2022,歐洲地區,英國 U.K.,560.00 ,572.00 ,2995.00 ,1982.00 ,1373.00 ,1416.00 ,861.00 ,9759.00 
2022,歐洲地區,瑞士 Switzerland,12.00 ,15.00 ,53.00 ,47.00 ,38.00 ,23.00 ,17.00 ,205.00 
2022,歐洲地區,奧地利 Austria,130.00 ,61.00 ,566.00 ,1087.00 ,886.00 ,908.00 ,707.00 ,4345.00 
2022,歐洲地區,歐洲其他 Others,48.00 ,63.00 ,401.00 ,255.00 ,130.00 ,94.00 ,50.00 ,1041.00 
2022,歐洲地區,歐洲合計 Total,2412.00 ,1989.00 ,11381.00 ,13663.00 ,11551.00 ,10087.00 ,6453.00 ,57536.00 
2022,全區,其他 Others,0.00 ,10.00 ,253.00 ,243.00 ,234.00 ,192.00 ,202.00 ,1134.00 
2022,全區,總計 Grand Total,83957.00 ,40697.00 ,232223.00 ,331351.00 ,307541.00 ,248492.00 ,238560.00 ,1482821.00 
2023,亞洲地區,日本 Japan,398628.00 ,177347.00 ,670133.00 ,954376.00 ,826252.00 ,591890.00 ,607178.00 ,4225804.00 
2023,亞洲地區,韓國 Korea,60286.00 ,51455.00 ,204603.00 ,218400.00 ,190664.00 ,127211.00 ,102074.00 ,954693.00 
2023,亞洲地區,香港 Hong Kong,47414.00 ,22532.00 ,105676.00 ,151106.00 ,161457.00 ,132112.00 ,123146.00 ,743443.00 
2023,亞洲地區,中國大陸 China,86645.00 ,56075.00 ,146403.00 ,229321.00 ,389252.00 ,412077.00 ,441361.00 ,1761134.00 
2023,亞洲地區,澳門 Macao,18385.00 ,7953.00 ,31793.00 ,51029.00 ,60116.00 ,56107.00 ,50596.00 ,275979.00 
2023,亞洲地區,越南 Vietnam,51344.00 ,25606.00 ,66768.00 ,133638.00 ,196085.00 ,170860.00 ,209558.00 ,853859.00 
2023,亞洲地區,泰國 Thailand,43145.00 ,26701.00 ,140490.00 ,186939.00 ,159285.00 ,118302.00 ,102464.00 ,777326.00 
2023,亞洲地區,馬來西亞 Malaysia,15523.00 ,9417.00 ,33846.00 ,46134.00 ,48152.00 ,43726.00 ,48338.00 ,245136.00 
2023,亞洲地區,新加坡 Singapore,26140.00 ,14463.00 ,49144.00 ,71604.00 ,63919.00 ,46966.00 ,44479.00 ,316715.00 
2023,亞洲地區,菲律賓 Philippines,13718.00 ,8356.00 ,38373.00 ,54674.00 ,41217.00 ,28761.00 ,23300.00 ,208399.00 
2023,亞洲地區,汶萊 Brunei,193.00 ,187.00 ,438.00 ,598.00 ,828.00 ,1335.00 ,3242.00 ,6821.00 
2023,亞洲地區,印尼 Indonesia,9275.00 ,4446.00 ,16343.00 ,28374.00 ,28763.00 ,20450.00 ,18248.00 ,125899.00 
2023,亞洲地區,柬埔寨 Cambodia,1650.00 ,1085.00 ,8813.00 ,9870.00 ,9570.00 ,7231.00 ,7831.00 ,46050.00 
2023,亞洲地區,緬甸 Myanmar,417.00 ,175.00 ,715.00 ,1204.00 ,1662.00 ,1859.00 ,1887.00 ,7919.00 
2023,亞洲地區,阿拉伯聯合大公國 UAE,3361.00 ,4021.00 ,16523.00 ,24811.00 ,19663.00 ,23457.00 ,29931.00 ,121767.00 
2023,亞洲地區,土耳其 Turkey,1530.00 ,2043.00 ,7830.00 ,13133.00 ,12800.00 ,18277.00 ,22673.00 ,78286.00 
2023,亞洲地區,亞洲其他 Others,215.00 ,96.00 ,359.00 ,527.00 ,622.00 ,622.00 ,643.00 ,3084.00 
2023,亞洲地區,亞洲合計 Total,777869.00 ,411958.00 ,1538250.00 ,2175738.00 ,2210307.00 ,1801243.00 ,1836949.00 ,10752314.00 
2023,非洲地區,南非 S. Africa,8.00 ,1.00 ,11.00 ,18.00 ,16.00 ,14.00 ,16.00 ,84.00 
2023,非洲地區,非洲其他 Others,18.00 ,3.00 ,30.00 ,86.00 ,54.00 ,34.00 ,31.00 ,256.00 
2023,非洲地區,非洲合計 Total,26.00 ,4.00 ,41.00 ,104.00 ,70.00 ,48.00 ,47.00 ,340.00 
2023,美洲地區,美國 USA,25693.00 ,20061.00 ,55928.00 ,70957.00 ,79323.00 ,78109.00 ,135685.00 ,465756.00 
2023,美洲地區,加拿大 Canada,5364.00 ,4494.00 ,9200.00 ,10447.00 ,11292.00 ,12220.00 ,24506.00 ,77523.00 
2023,美洲地區,美洲其他 Others,17.00 ,13.00 ,22.00 ,38.00 ,35.00 ,29.00 ,30.00 ,184.00 
2023,美洲地區,美洲合計 Total,31074.00 ,24568.00 ,65150.00 ,81442.00 ,90650.00 ,90358.00 ,160221.00 ,543463.00 
2023,大洋洲地區,澳洲 Australia,10165.00 ,7033.00 ,23223.00 ,25599.00 ,20973.00 ,18015.00 ,25268.00 ,130276.00 
2023,大洋洲地區,紐西蘭 New Zealand,1942.00 ,1090.00 ,2929.00 ,5682.00 ,4312.00 ,4224.00 ,8418.00 ,28597.00 
2023,大洋洲地區,帛琉 Palau,679.00 ,496.00 ,1666.00 ,2721.00 ,2334.00 ,1699.00 ,960.00 ,10555.00 
2023,大洋洲地區,大洋洲其他 Others,2.00 ,3.00 ,8.00 ,18.00 ,15.00 ,21.00 ,15.00 ,82.00 
2023,大洋洲地區,大洋洲合計 Total,12788.00 ,8622.00 ,27826.00 ,34020.00 ,27634.00 ,23959.00 ,34661.00 ,169510.00 
2023,歐洲地區,法國 France,2185.00 ,1919.00 ,8217.00 ,14150.00 ,12354.00 ,11570.00 ,9218.00 ,59613.00 
2023,歐洲地區,德國 Germany,2828.00 ,2695.00 ,9575.00 ,16406.00 ,16149.00 ,16438.00 ,14881.00 ,78972.00 
2023,歐洲地區,義大利 Italy,1238.00 ,1454.00 ,4989.00 ,11167.00 ,8938.00 ,10634.00 ,11484.00 ,49904.00 
2023,歐洲地區,荷蘭 Netherlands,1283.00 ,927.00 ,3937.00 ,6127.00 ,5499.00 ,4906.00 ,4506.00 ,27185.00 
2023,歐洲地區,英國 U.K.,1811.00 ,1784.00 ,6524.00 ,6077.00 ,4688.00 ,4625.00 ,3854.00 ,29363.00 
2023,歐洲地區,瑞士 Switzerland,17.00 ,16.00 ,93.00 ,123.00 ,61.00 ,50.00 ,55.00 ,415.00 
2023,歐洲地區,奧地利 Austria,1647.00 ,1809.00 ,5786.00 ,10278.00 ,9480.00 ,12601.00 ,13959.00 ,55560.00 
2023,歐洲地區,歐洲其他 Others,262.00 ,266.00 ,1557.00 ,1866.00 ,1594.00 ,2181.00 ,2303.00 ,10029.00 
2023,歐洲地區,歐洲合計 Total,11271.00 ,10870.00 ,40678.00 ,66194.00 ,58763.00 ,63005.00 ,60260.00 ,311041.00 
2023,全區,其他 Others,1421.00 ,666.00 ,1739.00 ,2098.00 ,3058.00 ,4188.00 ,5996.00 ,19166.00 
2023,全區,總計 Grand Total,834449.00 ,456688.00 ,1673684.00 ,2359596.00 ,2390482.00 ,1982801.00 ,2098134.00 ,11795834.00 
